FA6: TOM formula 6 known to treat Anxiety,,,,
Idx,compID,geneID,CompName,GeneSymbol
914,10237,5008,Phenol,AADAC
582,10237,3630,Phenol,AADACL2
481,10237,39114,Phenol,AADACL4
2588,5525,177,Benzyl alcohol,AADAT
2061,4373,434,Coumarin,AASS
56,3032,730,Stearic acid,ABCA1
1688,36170,5490,Eugenol,ABCA6
1203,34516,727,Neochanin,ABCB1
1578,57137,727,Gallic acid,ABCB1
1986,732,727,D-(-)-Mannitol,ABCB1
2337,34848,727,Cirsilineol,ABCB1
1119,32326,743,Oleanolic acid,ABCB11
2062,4373,743,Coumarin,ABCB11
1204,34516,1448,Neochanin,ABCC1
1234,3283,1448,Naringenin,ABCC1
1469,34602,1448,iso-Licoflavonol,ABCC1
1689,36170,1448,Eugenol,ABCC1
2344,34848,1448,Cirsilineol,ABCC1
2785,35360,1448,7-Hydroxy-2-(4-hydroxyphenyl)-6-(3-methyl-2-buten-1-yl)-4H-chromen-4-one,ABCC1
2982,53197,1448,4-(5-Hydroxy-6,ABCC1
1205,34516,729,Neochanin,ABCC2
2063,4373,5296,Coumarin,ABCC3
1235,3283,5332,Naringenin,ABCC4
1236,3283,5337,Naringenin,ABCC5
18,3032,728,Stearic acid,ABCG1
2857,3993,728,4-Hydroxybenzoic acid,ABCG1
1120,32326,3338,Oleanolic acid,ABCG2
1389,34518,3338,Licochalcone A,ABCG2
1478,34602,3338,iso-Licoflavonol,ABCG2
1517,57804,3338,Glycyrrh-iso-flavone,ABCG2
2342,34848,3338,Cirsilineol,ABCG2
2788,35360,3338,7-Hydroxy-2-(4-hydroxyphenyl)-6-(3-methyl-2-buten-1-yl)-4H-chromen-4-one,ABCG2
2903,3993,3338,4-Hydroxybenzoic acid,ABCG2
7,33749,4893,Stigmasterol,ABCG5
2895,3993,4893,4-Hydroxybenzoic acid,ABCG5
8,33749,5486,Stigmasterol,ABCG8
2890,3993,5486,4-Hydroxybenzoic acid,ABCG8
502,10237,751,Phenol,ABL1
1299,35694,751,Myristicin,ABL1
1579,57137,751,Gallic acid,ABL1
2632,36250,751,Benzaldehyde,ABL1
2651,36250,726,Benzaldehyde,ABL2
2064,4373,5099,Coumarin,ACAA1
2065,4373,5097,Coumarin,ACAA2
110,3032,267,Stearic acid,ACACB
1015,4006,267,Palmitelaidic acid,ACACB
143,3032,620,Stearic acid,ACADS
1580,57137,5420,Gallic acid,ACAN
9,33749,1296,Stigmasterol,ACAT1
764,10237,778,Phenol,ACE
726,10237,272,Phenol,ACHE
1237,3283,272,Naringenin,ACHE
2066,4373,272,Coumarin,ACHE
2821,1622,272,4-Methylphenol,ACHE
2988,1707,272,3-Methylphenol,ACHE
2067,4373,4563,Coumarin,ACLY
2068,4373,5805,Coumarin,ACO1
2927,35893,1632,4-Ethylphenol,ACO2
3121,7890,1632,(+/-)-Eucalyptol,ACO2
2906,3993,3784,4-Hydroxybenzoic acid,ACOT13
2885,3993,2573,4-Hydroxybenzoic acid,ACOX1
1194,32326,765,Oleanolic acid,ACP1
659,10237,2737,Phenol,ACPP
1201,34249,3732,Octadecane,ACSBG1
1198,34249,353,Octadecane,ACSL1
500,10237,1144,Phenol,ADA
232,10195,5693,Salicylate,ADAM29
220,10195,5695,Salicylate,ADAMTS14
227,10195,5696,Salicylate,ADAMTS15
269,17352,2917,Rhein,ADAMTS5
615,10237,2333,Phenol,ADCY2
19,3032,4451,Stearic acid,ADIPOQ
2042,31121,4451,Crocetin,ADIPOQ
76,3032,840,Stearic acid,ADORA2A
632,10237,840,Phenol,ADORA2A
1472,34602,840,iso-Licoflavonol,ADORA2A
2774,23508,739,a-Crocin,ADRBK1
2908,3993,5107,4-Hydroxybenzoic acid,ADSL
288,10237,4381,Phenol,AFP
1239,3283,4381,Naringenin,AFP
1985,732,4753,D-(-)-Mannitol,AFUA_2G10660
1984,732,4752,D-(-)-Mannitol,AFUA_4G14450
1122,32326,4424,Oleanolic acid,AGER
1581,57137,4424,Gallic acid,AGER
958,10237,5514,Phenol,AGO2
156,31611,1048,Skatole,AHR
236,17352,1048,Rhein,AHR
900,10237,1048,Phenol,AHR
1240,3283,1048,Naringenin,AHR
1690,36170,1048,Eugenol,AHR
2692,36250,2563,Benzaldehyde,AIFM1
1481,34602,559,iso-Licoflavonol,AKR1B1
1692,36170,559,Eugenol,AKR1B1
2339,34848,559,Cirsilineol,AKR1B1
2555,5525,559,Benzyl alcohol,AKR1B1
2789,35360,559,7-Hydroxy-2-(4-hydroxyphenyl)-6-(3-methyl-2-buten-1-yl)-4H-chromen-4-one,AKR1B1
2976,34448,559,4-[(1E)-3-(2,AKR1B1
2983,53197,559,4-(5-Hydroxy-6,AKR1B1
1693,36170,2218,Eugenol,AKR1B10
1241,3283,592,Naringenin,AKR1C1
1534,8786,592,Gamma-Linolenic acid,AKR1C1
1694,36170,592,Eugenol,AKR1C1
1242,3283,589,Naringenin,AKR1C3
1523,36039,589,glycycoumarin,AKR1C3
1695,36170,589,Eugenol,AKR1C3
1535,8786,587,Gamma-Linolenic acid,AKR1C4
2073,4373,1139,Coumarin,AKR1D1
2735,538,1139,Azelaic acid,AKR1D1
1,32320,738,TERPINOLENE,AKT1
20,3032,738,Stearic acid,AKT1
803,10237,738,Phenol,AKT1
1124,32326,738,Oleanolic acid,AKT1
1243,3283,738,Naringenin,AKT1
1582,57137,738,Gallic acid,AKT1
2529,32303,738,Betulinic acid,AKT1
3158,35659,738,(+)-geniposide,AKT1
1583,57137,1331,Gallic acid,ALAD
289,10237,498,Phenol,ALAS2
113,3032,4730,Stearic acid,ALB
202,10195,4730,Salicylate,ALB
290,10237,4730,Phenol,ALB
1065,4006,4730,Palmitelaidic acid,ALB
1116,56947,4730,Ononin,ALB
1206,34516,4730,Neochanin,ALB
1584,57137,4730,Gallic acid,ALB
1988,732,4730,D-(-)-Mannitol,ALB
2392,35084,4730,Calycosin,ALB
2592,5525,4730,Benzyl alcohol,ALB
2793,1622,4730,4-Methylphenol,ALB
2884,3993,4730,4-Hydroxybenzoic acid,ALB
3015,35274,4730,2-Methylphenol,ALB
3042,35917,4730,2-Methylbutyric acid,ALB
509,10237,446,Phenol,ALDH18A1
2285,4373,446,Coumarin,ALDH18A1
2075,4373,605,Coumarin,ALDH1A1
2595,36250,605,Benzaldehyde,ALDH1A1
2623,36250,609,Benzaldehyde,ALDH1B1
2597,36250,598,Benzaldehyde,ALDH2
2598,36250,604,Benzaldehyde,ALDH3A1
2599,36250,610,Benzaldehyde,ALDH3B1
1513,57804,4191,Glycyrrh-iso-flavone,ALOX12
2343,34848,4191,Cirsilineol,ALOX12
2981,53197,4191,4-(5-Hydroxy-6,ALOX12
208,10195,4778,Salicylate,ALOX12B
262,17352,4778,Rhein,ALOX12B
1500,42119,4778,hexanol,ALOX12B
1531,8786,4778,Gamma-Linolenic acid,ALOX12B
196,10195,3756,Salicylate,ALOX15
757,10237,3756,Phenol,ALOX15
1512,57804,3756,Glycyrrh-iso-flavone,ALOX15
2432,9091,3756,Caffeic acid,ALOX15
211,10195,4188,Salicylate,ALOX15B
254,17352,4188,Rhein,ALOX15B
1491,42119,4188,hexanol,ALOX15B
253,17352,707,Rhein,ALOX5
1928,36170,707,Eugenol,ALOX5
2076,4373,707,Coumarin,ALOX5
2433,9091,707,Caffeic acid,ALOX5
206,10195,4777,Salicylate,ALOXE3
277,17352,4777,Rhein,ALOXE3
1498,42119,4777,hexanol,ALOXE3
55,3032,4715,Stearic acid,ALPL
291,10237,4715,Phenol,ALPL
1244,3283,4715,Naringenin,ALPL
1696,36170,4715,Eugenol,ALPL
2566,5525,4715,Benzyl alcohol,ALPL
51,3032,3751,Stearic acid,ALPP
452,10237,3751,Phenol,ALPP
2565,5525,3751,Benzyl alcohol,ALPP
111,3032,1322,Stearic acid,ALPPL2
754,10237,1322,Phenol,ALPPL2
2590,5525,1322,Benzyl alcohol,ALPPL2
224,10195,126,Salicylate,AMBP
263,17352,3847,Rhein,ANGPT2
174,31611,1366,Skatole,ANPEP
603,10237,77,Phenol,ANXA2
750,10237,2284,Phenol,ANXA5
2077,4373,5243,Coumarin,ANXA7
2739,538,5144,Azelaic acid,AOC2
689,10237,1271,Phenol,AOC3
2334,34848,2795,Cirsilineol,AOX1
2630,36250,2795,Benzaldehyde,AOX1
1697,36170,740,Eugenol,APAF1
2640,36250,740,Benzaldehyde,APAF1
3112,7890,740,(+/-)-Eucalyptol,APAF1
2079,4373,1557,Coumarin,APCS
966,10237,3356,Phenol,APEX1
142,3032,4661,Stearic acid,APOA1
908,10237,4661,Phenol,APOA1
140,3032,3941,Stearic acid,APOB
911,10237,3941,Phenol,APOB
1585,57137,3941,Gallic acid,APOB
131,3032,124,Stearic acid,APOE
874,10237,124,Phenol,APOE
1536,8786,3449,Gamma-Linolenic acid,APOH
775,10237,2093,Phenol,APP
1245,3283,2093,Naringenin,APP
2435,9091,2093,Caffeic acid,APP
472,10237,763,Phenol,APRT
486,10237,1042,Phenol,AR
1537,8786,1042,Gamma-Linolenic acid,AR
1698,36170,1042,Eugenol,AR
2600,36250,1042,Benzaldehyde,AR
3078,34333,1042,29-Hydroxy-11,AR
2080,4373,332,Coumarin,ARG1
461,10237,5146,Phenol,ARSE
561,10237,38955,Phenol,ARSF
462,10237,39173,Phenol,ARSH
1497,42119,39173,hexanol,ARSH
1921,36170,1416,Eugenol,ASMT
2081,4373,318,Coumarin,ASNS
1701,36170,4298,Eugenol,ATF3
789,10237,848,Phenol,ATM
1301,35694,848,Myristicin,ATM
1586,57137,848,Gallic acid,ATM
2328,9912,2266,cis-caffeic acid,AURKA
2670,36250,3311,Benzaldehyde,AURKB
2929,36807,3311,4-Allyl-2-methoxy-3-methylphenol,AURKB
2084,4373,82,Coumarin,AVPR1A
2085,4373,2846,Coumarin,AZGP1
2755,538,188,Azelaic acid,AZIN2
190,55716,2403,siphonochalyne,B2M
1703,36170,2403,Eugenol,B2M
2830,1622,2403,4-Methylphenol,B2M
216,10195,1591,Salicylate,B3GAT1
925,10237,5915,Phenol,B3GAT2
1961,36170,5915,Eugenol,B3GAT2
2668,36250,2165,Benzaldehyde,BACE1
2784,57331,2165,8-Geranyloxy psoralen,BACE1
1704,36170,3458,Eugenol,BAD
1990,732,3458,D-(-)-Mannitol,BAD
267,17352,4943,Rhein,BAX
759,10237,4943,Phenol,BAX
1207,34516,4943,Neochanin,BAX
1247,3283,4943,Naringenin,BAX
1376,34678,4943,Licochalcone B,BAX
1588,57137,4943,Gallic acid,BAX
1705,36170,4943,Eugenol,BAX
2086,4373,4943,Coumarin,BAX
2530,32303,4943,Betulinic acid,BAX
2760,23508,4943,a-Crocin,BAX
3159,35659,4943,(+)-geniposide,BAX
2087,4373,293,Coumarin,BBOX1
1248,3283,275,Naringenin,BCHE
804,10237,5816,Phenol,BCKDHA
650,10237,1404,Phenol,BCL2
1208,34516,1404,Neochanin,BCL2
1249,3283,1404,Naringenin,BCL2
1377,34678,1404,Licochalcone B,BCL2
1589,57137,1404,Gallic acid,BCL2
1706,36170,1404,Eugenol,BCL2
1991,732,1404,D-(-)-Mannitol,BCL2
2088,4373,1404,Coumarin,BCL2
3160,35659,1404,(+)-geniposide,BCL2
1707,36170,3530,Eugenol,BCL2L1
724,10237,3481,Phenol,BCR
1590,57137,3481,Gallic acid,BCR
231,10195,5884,Salicylate,BDKRB1
1964,36170,5884,Eugenol,BDKRB1
418,10237,3373,Phenol,BDNF
1709,36170,3373,Eugenol,BDNF
1368,32747,363,Methyl (1S,BHMT
2090,4373,363,Coumarin,BHMT
1373,32747,364,Methyl (1S,BHMT2
1378,34678,3391,Licochalcone B,BIRC5
2531,32303,3391,Betulinic acid,BIRC5
2681,36250,3391,Benzaldehyde,BIRC5
2393,35084,391,Calycosin,BLVRB
571,10237,5225,Phenol,BRCA1
1302,35694,5225,Myristicin,BRCA1
2930,36807,5225,4-Allyl-2-methoxy-3-methylphenol,BRCA1
466,10237,4602,Phenol,BRCA2
2290,4373,38938,Coumarin,BSPH1
825,10237,1561,Phenol,BST1
2728,36250,39231,Benzaldehyde,C19orf26
2840,3993,61,4-Hydroxybenzoic acid,C4A
2839,3993,62,4-Hydroxybenzoic acid,C4B_2
2653,36250,39285,Benzaldehyde,C5orf38
195,10195,909,Salicylate,CA1
286,10237,909,Phenol,CA1
1660,57137,909,Gallic acid,CA1
2091,4373,909,Coumarin,CA1
2527,9091,909,Caffeic acid,CA1
194,10195,1156,Salicylate,CA12
284,10237,1156,Phenol,CA12
1475,34602,1156,iso-Licoflavonol,CA12
1662,57137,1156,Gallic acid,CA12
2324,4373,1156,Coumarin,CA12
2520,9091,1156,Caffeic acid,CA12
2911,3993,1156,4-Hydroxybenzoic acid,CA12
1677,57137,1352,Gallic acid,CA13
2027,53911,1352,Cymene,CA13
2302,4373,1352,Coumarin,CA13
2375,32774,1352,Carvacrol,CA13
2872,3993,1352,4-Hydroxybenzoic acid,CA13
285,10237,1308,Phenol,CA14
1527,36039,1308,glycycoumarin,CA14
1671,57137,1308,Gallic acid,CA14
2283,4373,1308,Coumarin,CA14
2783,57331,1308,8-Geranyloxy psoralen,CA14
2853,3993,1308,4-Hydroxybenzoic acid,CA14
191,10195,910,Salicylate,CA2
281,10237,910,Phenol,CA2
1661,57137,910,Gallic acid,CA2
2035,53911,910,Cymene,CA2
2092,4373,910,Coumarin,CA2
2382,32774,910,Carvacrol,CA2
2526,9091,910,Caffeic acid,CA2
2887,3993,910,4-Hydroxybenzoic acid,CA2
773,10237,1309,Phenol,CA3
1667,57137,1309,Gallic acid,CA3
2093,4373,1309,Coumarin,CA3
2525,9091,1309,Caffeic acid,CA3
2886,3993,1309,4-Hydroxybenzoic acid,CA3
192,10195,911,Salicylate,CA4
282,10237,911,Phenol,CA4
1666,57137,911,Gallic acid,CA4
2305,4373,911,Coumarin,CA4
2524,9091,911,Caffeic acid,CA4
2881,3993,911,4-Hydroxybenzoic acid,CA4
1680,57137,1346,Gallic acid,CA5A
2297,4373,1346,Coumarin,CA5A
2878,3993,1346,4-Hydroxybenzoic acid,CA5A
1665,57137,1347,Gallic acid,CA5B
2298,4373,1347,Coumarin,CA5B
2523,9091,1347,Caffeic acid,CA5B
2876,3993,1347,4-Hydroxybenzoic acid,CA5B
193,10195,1348,Salicylate,CA6
1664,57137,1348,Gallic acid,CA6
2295,4373,1348,Coumarin,CA6
2522,9091,1348,Caffeic acid,CA6
2846,3993,1348,4-Hydroxybenzoic acid,CA6
1663,57137,999,Gallic acid,CA7
2289,4373,999,Coumarin,CA7
2521,9091,999,Caffeic acid,CA7
2864,3993,999,4-Hydroxybenzoic acid,CA7
283,10237,1155,Phenol,CA9
1672,57137,1155,Gallic acid,CA9
2281,4373,1155,Coumarin,CA9
2844,3993,1155,4-Hydroxybenzoic acid,CA9
1933,36170,890,Eugenol,CACNA1A
1951,36170,1050,Eugenol,CACNA1B
1952,36170,954,Eugenol,CACNA1C
1948,36170,959,Eugenol,CACNA1D
1931,36170,4177,Eugenol,CACNA1E
1924,36170,1060,Eugenol,CACNA1F
1935,36170,960,Eugenol,CACNA1S
295,10237,3340,Phenol,CALCA
296,10237,3456,Phenol,CALCB
1714,36170,3844,Eugenol,CALCRL
578,10237,1108,Phenol,CALM1
762,10237,8890,Phenol,CALM3
2975,34448,2150,4-[(1E)-3-(2,CAMP
2029,53911,3126,Cymene,CAPN1
421,10237,1381,Phenol,CASP1
21,3032,1382,Stearic acid,CASP3
270,17352,1382,Rhein,CASP3
694,10237,1382,Phenol,CASP3
1125,32326,1382,Oleanolic acid,CASP3
1209,34516,1382,Neochanin,CASP3
1250,3283,1382,Naringenin,CASP3
1304,35694,1382,Myristicin,CASP3
1379,34678,1382,Licochalcone B,CASP3
1539,8786,1382,Gamma-Linolenic acid,CASP3
1591,57137,1382,Gallic acid,CASP3
1715,36170,1382,Eugenol,CASP3
1992,732,1382,D-(-)-Mannitol,CASP3
2347,32774,1382,Carvacrol,CASP3
2437,9091,1382,Caffeic acid,CASP3
2532,32303,1382,Betulinic acid,CASP3
2761,23508,1382,a-Crocin,CASP3
3161,35659,1382,(+)-geniposide,CASP3
22,3032,2731,Stearic acid,CASP7
1592,57137,2731,Gallic acid,CASP7
2533,32303,2731,Betulinic acid,CASP7
259,17352,4256,Rhein,CASP8
567,10237,4256,Phenol,CASP8
1126,32326,4256,Oleanolic acid,CASP8
1210,34516,4256,Neochanin,CASP8
1593,57137,4256,Gallic acid,CASP8
1211,34516,4565,Neochanin,CASP9
1251,3283,4565,Naringenin,CASP9
1716,36170,4565,Eugenol,CASP9
1993,732,4565,D-(-)-Mannitol,CASP9
23,3032,1471,Stearic acid,CAT
298,10237,1471,Phenol,CAT
1127,32326,1471,Oleanolic acid,CAT
1252,3283,1471,Naringenin,CAT
1594,57137,1471,Gallic acid,CAT
1717,36170,1471,Eugenol,CAT
2094,4373,1471,Coumarin,CAT
2438,9091,1471,Caffeic acid,CAT
2902,3993,1471,4-Hydroxybenzoic acid,CAT
2095,4373,2803,Coumarin,CBR1
3062,46973,2803,2-Heptanol,CBR1
606,10237,4301,Phenol,CBS
2865,3993,4301,4-Hydroxybenzoic acid,CBS
2977,60251,3446,4-(7-Methoxy-4-oxo-4H-chromen-3-yl)phenyl hexopyranoside,CCL11
1718,36170,5734,Eugenol,CCL13
1719,36170,5754,Eugenol,CCL19
24,3032,1408,Stearic acid,CCL2
299,10237,1408,Phenol,CCL2
1253,3283,1408,Naringenin,CCL2
1720,36170,1408,Eugenol,CCL2
2043,31121,1408,Crocetin,CCL2
2439,9091,1408,Caffeic acid,CCL2
25,3032,3438,Stearic acid,CCL3
1721,36170,3438,Eugenol,CCL3
2440,9091,3438,Caffeic acid,CCL3
1723,36170,5758,Eugenol,CCL4
2441,9091,5758,Caffeic acid,CCL4
300,10237,2014,Phenol,CCNA2
1380,34678,2014,Licochalcone B,CCNA2
1540,8786,2014,Gamma-Linolenic acid,CCNA2
1724,36170,4161,Eugenol,CCNB1
2394,35084,4161,Calycosin,CCNB1
2096,4373,4967,Coumarin,CCNB2
933,10237,1461,Phenol,CCND1
1128,32326,1461,Oleanolic acid,CCND1
1725,36170,1461,Eugenol,CCND1
2319,4373,1461,Coumarin,CCND1
2395,35084,4959,Calycosin,CCND3
1541,8786,4441,Gamma-Linolenic acid,CCNE1
1595,57137,4441,Gallic acid,CCNE1
2097,4373,4441,Coumarin,CCNE1
2098,4373,4969,Coumarin,CCNE2
47,3032,4968,Stearic acid,CCNF
444,10237,4968,Phenol,CCNF
2396,35084,4973,Calycosin,CCNG1
2932,36807,4973,4-Allyl-2-methoxy-3-methylphenol,CCNG1
2716,36250,4962,Benzaldehyde,CCNH
2442,9091,3913,Caffeic acid,CCR1
1726,36170,3389,Eugenol,CCR2
2443,9091,3389,Caffeic acid,CCR2
2444,9091,3919,Caffeic acid,CCR4
1727,36170,3336,Eugenol,CCR5
1728,36170,4023,Eugenol,CCR7
683,10237,3896,Phenol,CD19
1729,36170,4079,Eugenol,CD36
978,10237,150,Phenol,CD4
2445,9091,150,Caffeic acid,CD4
504,10237,3905,Phenol,CD40
2430,35084,3905,Calycosin,CD40
515,10237,4201,Phenol,CD40LG
790,10237,3798,Phenol,CD44
255,17352,4254,Rhein,CD47
931,10237,4507,Phenol,CD69
947,10237,4935,Phenol,CD79A
1730,36170,149,Eugenol,CD86
1009,4006,4179,Palmitelaidic acid,CDC25A
1381,34678,4179,Licochalcone B,CDC25A
1382,34678,1689,Licochalcone B,CDC25B
1596,57137,2352,Gallic acid,CDC42
851,10237,4567,Phenol,CDH1
2794,1622,3898,4-Methylphenol,CDH2
187,31611,2536,Skatole,CDIPT
1383,34678,1987,Licochalcone B,CDK1
1542,8786,1987,Gamma-Linolenic acid,CDK1
2933,36807,1987,4-Allyl-2-methoxy-3-methylphenol,CDK1
815,10237,1680,Phenol,CDK2
1384,34678,1680,Licochalcone B,CDK2
2312,4373,1680,Coumarin,CDK2
2448,9091,1680,Caffeic acid,CDK2
861,10237,2400,Phenol,CDK4
1731,36170,2791,Eugenol,CDK6
1305,35694,2262,Myristicin,CDK7
2330,9912,2262,cis-caffeic acid,CDK7
2397,35084,2262,Calycosin,CDK7
894,10237,4376,Phenol,CDKN1A
1129,32326,4376,Oleanolic acid,CDKN1A
1597,57137,4376,Gallic acid,CDKN1A
1732,36170,4376,Eugenol,CDKN1A
2398,35084,4376,Calycosin,CDKN1A
2934,36807,4376,4-Allyl-2-methoxy-3-methylphenol,CDKN1A
1598,57137,5462,Gallic acid,CDKN1B
1733,36170,5462,Eugenol,CDKN1B
2399,35084,4275,Calycosin,CDKN1C
539,10237,4341,Phenol,CDKN2A
2935,36807,4341,4-Allyl-2-methoxy-3-methylphenol,CDKN2A
2100,4373,534,Coumarin,CDO1
1599,57137,4251,Gallic acid,CEBPB
505,10237,5023,Phenol,CEL
1226,34516,830,Neochanin,CES1
2101,4373,830,Coumarin,CES1
3052,35917,830,2-Methylbutyric acid,CES1
145,3032,3891,Stearic acid,CETP
417,10237,2254,Phenol,CFB
643,10237,2518,Phenol,CFD
2449,9091,804,Caffeic acid,CHAT
1306,35694,3397,Myristicin,CHEK2
3069,35933,3397,2-Ethylphenol,CHEK2
570,10237,3621,Phenol,CHM
2820,1622,3621,4-Methylphenol,CHM
301,10237,4850,Phenol,CHST3
1600,57137,912,Gallic acid,CHUK
741,10237,518,Phenol,CKB
1601,57137,518,Gallic acid,CKB
1602,57137,516,Gallic acid,CKM
2762,23508,516,a-Crocin,CKM
1543,8786,5620,Gamma-Linolenic acid,CLDN5
2792,1622,772,4-Methylphenol,cobT
64,3032,5048,Stearic acid,COG2
303,10237,105,Phenol,COL1A1
1130,32326,105,Oleanolic acid,COL1A1
1603,57137,106,Gallic acid,COL2A1
1112,4006,244,Palmitelaidic acid,COMT
1674,57137,244,Gallic acid,COMT
2450,9091,244,Caffeic acid,COMT
2645,36250,4515,Benzaldehyde,COPS5
638,10237,4841,Phenol,COQ6
2103,4373,4841,Coumarin,COQ6
2870,3993,4841,4-Hydroxybenzoic acid,COQ6
1076,4006,5159,Palmitelaidic acid,CORIN
478,10237,5769,Phenol,CORT
547,10237,2366,Phenol,COX1
542,10237,2367,Phenol,COX2
672,10237,2369,Phenol,COX5A
44,3032,342,Stearic acid,CREB1
304,10237,342,Phenol,CREB1
1735,36170,342,Eugenol,CREB1
846,10237,3781,Phenol,CREBBP
306,10237,2945,Phenol,CRP
618,10237,1885,Phenol,CS
2108,4373,186,Coumarin,CSAD
2703,36250,186,Benzaldehyde,CSAD
746,10237,3408,Phenol,CSF2
1351,35694,1678,Myristicin,CSNK2A1
1348,35694,3587,Myristicin,CSNK2A2
112,3032,1836,Stearic acid,CTBP1
763,10237,1836,Phenol,CTBP1
2578,5525,1836,Benzyl alcohol,CTBP1
2110,4373,4022,Coumarin,CTF1
2451,9091,4022,Caffeic acid,CTF1
2111,4373,198,Coumarin,CTH
2937,36807,2927,4-Allyl-2-methoxy-3-methylphenol,CTNNB1
549,10237,5170,Phenol,CTRB1
2452,9091,2019,Caffeic acid,CTSB
934,10237,4318,Phenol,CTSC
1254,3283,67,Naringenin,CTSD
2453,9091,67,Caffeic acid,CTSD
2722,36250,67,Benzaldehyde,CTSD
968,10237,2155,Phenol,CTSG
2534,32303,1765,Betulinic acid,CTSK
1737,36170,2827,Eugenol,CTSL
2796,1622,4300,4-Methylphenol,CX3CL1
1738,36170,4422,Eugenol,CXCL1
714,10237,3243,Phenol,CXCL10
2112,4373,3501,Coumarin,CXCL12
3009,34227,3501,2-Nonanone,CXCL12
2454,9091,3918,Caffeic acid,CXCL2
1131,32326,5749,Oleanolic acid,CXCL5
10,33749,3447,Stigmasterol,CXCL8
26,3032,3447,Stearic acid,CXCL8
307,10237,3447,Phenol,CXCL8
1255,3283,3447,Naringenin,CXCL8
1604,57137,3447,Gallic acid,CXCL8
1739,36170,3447,Eugenol,CXCL8
2455,9091,3447,Caffeic acid,CXCL8
541,10237,5759,Phenol,CXCL9
1605,57137,1101,Gallic acid,CXCR4
1740,36170,1101,Eugenol,CXCR4
203,10195,2968,Salicylate,CYB5A
1404,41570,2968,Kaur-16-ene,CYB5A
1529,8786,2968,Gamma-Linolenic acid,CYB5A
3125,32269,2968,(+/-)-alpha-Pinene,CYB5A
308,10237,5736,Phenol,CYBA
309,10237,1125,Phenol,CYBB
1256,3283,1383,Naringenin,CYCS
1606,57137,1383,Gallic acid,CYCS
1741,36170,1383,Eugenol,CYCS
2763,23508,1383,a-Crocin,CYCS
545,10237,3019,Phenol,CYTB
1494,42119,3019,hexanol,CYTB
3058,46973,2455,2-Heptanol,DAO
2804,1622,294,4-Methylphenol,DBH
432,10237,4497,Phenol,DCT
2741,538,4497,Azelaic acid,DCT
2841,3993,4497,4-Hydroxybenzoic acid,DCT
2646,36250,206,Benzaldehyde,DDC
146,3032,2771,Stearic acid,DECR1
956,10237,2771,Phenol,DECR1
2725,36250,2771,Benzaldehyde,DECR1
2907,3993,2771,4-Hydroxybenzoic acid,DECR1
1045,4006,4660,Palmitelaidic acid,DGAT1
141,3032,4760,Stearic acid,DGAT2
1098,4006,4760,Palmitelaidic acid,DGAT2
1402,41570,4115,Kaur-16-ene,DHCR24
1410,41570,623,Kaur-16-ene,DHCR7
428,10237,621,Phenol,DHFR
2925,35893,1424,4-Ethylphenol,DHODH
2909,3993,2821,4-Hydroxybenzoic acid,DHPS
3057,46973,697,2-Heptanol,DHRS4
612,10237,4682,Phenol,DICER1
2866,3993,4682,4-Hydroxybenzoic acid,DICER1
3072,35933,4682,2-Ethylphenol,DICER1
3041,35917,676,2-Methylbutyric acid,DLAT
3043,35917,5843,2-Methylbutyric acid,DLST
886,10237,4467,Phenol,DNASE1
560,10237,1359,Phenol,DNMT1
2639,36250,1359,Benzaldehyde,DNMT1
654,10237,4597,Phenol,DNMT3B
511,10237,2072,Phenol,DNTT
1753,36170,7561,Eugenol,DRD1A
321,10237,4142,Phenol,DUSP1
2350,32774,4142,Carvacrol,DUSP1
1754,36170,3962,Eugenol,E2F1
1755,36170,4503,Eugenol,E2F2
1756,36170,4655,Eugenol,E2F3
2130,4373,2479,Coumarin,ECI1
27,3032,3443,Stearic acid,EDN1
2460,9091,3443,Caffeic acid,EDN1
634,10237,1149,Phenol,EDNRB
648,10237,3150,Phenol,EEF1A1
1445,41570,3150,Kaur-16-ene,EEF1A1
237,17352,1038,Rhein,EGF
794,10237,2,Phenol,EGFR
1760,36170,2,Eugenol,EGFR
2535,32303,2,Betulinic acid,EGFR
2939,36807,2,4-Allyl-2-methoxy-3-methylphenol,EGFR
904,10237,5813,Phenol,EGR1
1761,36170,5813,Eugenol,EGR1
2940,36807,5813,4-Allyl-2-methoxy-3-methylphenol,EGR1
783,10237,1556,Phenol,EIF4E
674,10237,5543,Phenol,EIF4G1
276,17352,39,Rhein,ELANE
838,10237,39,Phenol,ELANE
1957,36170,39,Eugenol,ELANE
437,10237,4473,Phenol,ELAVL1
2428,35084,4473,Calycosin,ELAVL1
877,10237,1130,Phenol,ELN
2293,4373,2946,Coumarin,ELSPBP1
3091,32574,2691,2-(4-Methyl-3-cyclohexen-1-yl)-2-propanol,EN2
182,31611,423,Skatole,ENPEP
2858,3993,1304,4-Hydroxybenzoic acid,ENPP1
2897,3993,5575,4-Hydroxybenzoic acid,ENPP2
2859,3993,5568,4-Hydroxybenzoic acid,ENPP3
2883,3993,5573,4-Hydroxybenzoic acid,ENPP6
2871,3993,5567,4-Hydroxybenzoic acid,ENPP7
125,3032,5827,Stearic acid,EP300
841,10237,5827,Phenol,EP300
323,10237,5562,Phenol,EPHX1
2134,4373,5562,Coumarin,EPHX1
175,31611,4522,Skatole,ERAP1
238,17352,130,Rhein,ERBB2
805,10237,130,Phenol,ERBB2
230,10195,3835,Salicylate,ERBB4
2462,9091,4289,Caffeic acid,ERF
324,10237,947,Phenol,ESR1
1215,34516,947,Neochanin,ESR1
1261,3283,947,Naringenin,ESR1
1516,57804,947,Glycyrrh-iso-flavone,ESR1
1524,36039,947,glycycoumarin,ESR1
1764,36170,947,Eugenol,ESR1
2403,35084,947,Calycosin,ESR1
2826,1622,947,4-Methylphenol,ESR1
2915,35893,947,4-Ethylphenol,ESR1
2969,42599,947,4-[6-Hydroxy-4-methoxy-5-(3-methyl-but-2-enyl)-benzofuran-2-yl]-benzene-1,ESR1
609,10237,948,Phenol,ESR2
1216,34516,948,Neochanin,ESR2
1229,3283,948,Naringenin,ESR2
1471,34602,948,iso-Licoflavonol,ESR2
1514,57804,948,Glycyrrh-iso-flavone,ESR2
1765,36170,948,Eugenol,ESR2
2404,35084,948,Calycosin,ESR2
2818,1622,948,4-Methylphenol,ESR2
2916,35893,948,4-Ethylphenol,ESR2
2968,42599,948,4-[6-Hydroxy-4-methoxy-5-(3-methyl-but-2-enyl)-benzofuran-2-yl]-benzene-1,ESR2
1227,34516,828,Neochanin,ESRRA
1519,57804,828,Glycyrrh-iso-flavone,ESRRA
451,10237,4176,Phenol,ETS1
1917,36170,4176,Eugenol,ETS1
251,17352,47,Rhein,F10
483,10237,47,Phenol,F10
2805,1622,4059,4-Methylphenol,F11R
871,10237,3498,Phenol,F12
1766,36170,1746,Eugenol,F13A1
707,10237,1,Phenol,F2
637,10237,88,Phenol,F3
1577,8786,88,Gamma-Linolenic acid,F3
67,3032,87,Stearic acid,F7
553,10237,114,Phenol,F8
961,10237,48,Phenol,F9
2135,4373,48,Coumarin,F9
59,3032,5085,Stearic acid,FABP3
42,3032,4276,Stearic acid,FABP4
86,3032,356,Stearic acid,FADS1
1006,4006,356,Palmitelaidic acid,FADS1
2136,4373,356,Coumarin,FADS1
119,3032,357,Stearic acid,FADS2
1007,4006,357,Palmitelaidic acid,FADS2
326,10237,4665,Phenol,FAS
529,10237,4268,Phenol,FASLG
1608,57137,4268,Gallic acid,FASLG
2666,36250,4268,Benzaldehyde,FASLG
106,3032,1394,Stearic acid,FASN
721,10237,1394,Phenol,FASN
998,37681,1394,Pentadecyl ketone,FASN
1058,4006,1394,Palmitelaidic acid,FASN
1767,36170,1394,Eugenol,FASN
2138,4373,1394,Coumarin,FASN
2463,9091,1394,Caffeic acid,FASN
1360,32747,354,Methyl (1S,FBP1
2831,3993,1942,4-Hydroxybenzoic acid,fcbC
1769,36170,12,Eugenol,FCGR2B
1427,41570,3431,Kaur-16-ene,FDFT1
3077,34333,3431,29-Hydroxy-11,FDFT1
167,31611,974,Skatole,FDPS
1770,36170,2363,Eugenol,FECH
3137,32269,2363,(+/-)-alpha-Pinene,FECH
1115,4006,688,Palmitelaidic acid,FFAR1
1019,4006,3448,Palmitelaidic acid,FFAR4
626,10237,1227,Phenol,FGF1
832,10237,1037,Phenol,FGF2
2140,4373,1040,Coumarin,FGG
2941,36807,2162,4-Allyl-2-methoxy-3-methylphenol,FHIT
1940,36170,5385,Eugenol,FIP1L1
3012,35274,5326,2-Methylphenol,FKBP10
2142,4373,5323,Coumarin,FKBP11
3021,35274,5323,2-Methylphenol,FKBP11
3020,35274,5317,2-Methylphenol,FKBP14
3013,35274,5328,2-Methylphenol,FKBP2
3011,35274,5319,2-Methylphenol,FKBP7
1771,36170,1071,Eugenol,FLT1
2405,35084,1071,Calycosin,FLT1
2465,9091,1066,Caffeic acid,FLT4
2143,4373,4907,Coumarin,FMO1
595,10237,3820,Phenol,FN1
2291,4373,3820,Coumarin,FN1
3123,7890,140,(+/-)-Eucalyptol,FOLH1
712,10237,3796,Phenol,FOS
1995,732,3796,D-(-)-Mannitol,FOS
2351,32774,3796,Carvacrol,FOS
2824,1622,3796,4-Methylphenol,FOS
2926,35893,3796,4-Ethylphenol,FOS
328,10237,4472,Phenol,FOSL1
617,10237,4620,Phenol,FOXM1
28,3032,4126,Stearic acid,FOXO1
3162,35659,4126,(+)-geniposide,FOXO1
863,10237,1570,Phenol,FST
798,10237,1335,Phenol,FTH1
1545,8786,1335,Gamma-Linolenic acid,FTH1
1996,732,1335,D-(-)-Mannitol,FTH1
2030,53911,1335,Cymene,FTH1
476,10237,1336,Phenol,FTL
1773,36170,1336,Eugenol,FTL
1997,732,1336,D-(-)-Mannitol,FTL
2024,53911,1336,Cymene,FTL
682,10237,4771,Phenol,FTMT
2038,53911,4771,Cymene,FTMT
1094,4006,4274,Palmitelaidic acid,G6PC
449,10237,2524,Phenol,G6PD
1262,3283,2524,Naringenin,G6PD
1774,36170,2524,Eugenol,G6PD
2642,36250,169,Benzaldehyde,GAD1
1776,36170,4444,Eugenol,GADD45B
2942,36807,4444,4-Allyl-2-methoxy-3-methylphenol,GADD45B
2721,36250,214,Benzaldehyde,GADL1
938,10237,3192,Phenol,GALK1
926,10237,611,Phenol,GAPDH
944,10237,606,Phenol,GAPDHS
1433,41570,4423,Kaur-16-ene,GATA3
636,10237,4283,Phenol,GATA4
1405,41570,4283,Kaur-16-ene,GATA4
89,3032,2534,Stearic acid,GBA
3131,32269,96,(+/-)-alpha-Pinene,GCGR
1143,32326,417,Oleanolic acid,GCLC
1546,8786,417,Gamma-Linolenic acid,GCLC
1777,36170,417,Eugenol,GCLC
2146,4373,417,Coumarin,GCLC
1144,32326,442,Oleanolic acid,GCLM
1202,8828,442,Nerylacetone,GCLM
1778,36170,442,Eugenol,GCLM
2147,4373,442,Coumarin,GCLM
204,10195,3378,Salicylate,GDNF
883,10237,2575,Phenol,GFER
178,31611,1072,Skatole,GGPS1
1416,41570,1072,Kaur-16-ene,GGPS1
687,10237,4580,Phenol,GH1
923,10237,109,Phenol,GHR
1145,32326,4324,Oleanolic acid,GHRL
331,10237,1444,Phenol,GJA1
2806,1622,1444,4-Methylphenol,GJA1
2151,4373,191,Coumarin,GLDC
495,10237,469,Phenol,GLO1
1233,3283,469,Naringenin,GLO1
3132,32269,98,(+/-)-alpha-Pinene,GLP1R
3152,32269,97,(+/-)-alpha-Pinene,GLP2R
1950,36170,439,Eugenol,GLUD1
2697,36250,439,Benzaldehyde,GLUD1
1943,36170,419,Eugenol,GLUD2
2660,36250,419,Benzaldehyde,GLUD2
2577,5525,420,Benzyl alcohol,GMPS
1780,36170,5880,Eugenol,GNA15
614,10237,3145,Phenol,GNAI1
2665,36250,3145,Benzaldehyde,GNAI1
3051,35917,3145,2-Methylbutyric acid,GNAI1
685,10237,5879,Phenol,GNAI2
2679,36250,5879,Benzaldehyde,GNAI2
3038,35917,5879,2-Methylbutyric acid,GNAI2
518,10237,5868,Phenol,GNAI3
2635,36250,5868,Benzaldehyde,GNAI3
3035,35917,5868,2-Methylbutyric acid,GNAI3
1146,32326,2334,Oleanolic acid,GNAS
2718,36250,5871,Benzaldehyde,GNAT2
3045,35917,5871,2-Methylbutyric acid,GNAT2
225,10195,5883,Salicylate,GNB3
3128,32269,2756,(+/-)-alpha-Pinene,GNLY
2587,5525,5824,Benzyl alcohol,GNPNAT1
2467,9091,174,Caffeic acid,GOT1
150,3032,203,Stearic acid,GOT2
893,10237,203,Phenol,GOT2
1200,34249,203,Octadecane,GOT2
120,3032,5826,Stearic acid,GPAM
1110,4006,5826,Palmitelaidic acid,GPAM
1147,32326,4686,Oleanolic acid,GPBAR1
154,3032,556,Stearic acid,GPD1
2756,538,556,Azelaic acid,GPD1
583,10237,1954,Phenol,GPI
1148,32326,192,Oleanolic acid,GPT
2468,9091,192,Caffeic acid,GPT
29,3032,482,Stearic acid,GPX1
423,10237,482,Phenol,GPX1
1149,32326,482,Oleanolic acid,GPX1
1263,3283,482,Naringenin,GPX1
1668,57137,482,Gallic acid,GPX1
2153,4373,482,Coumarin,GPX1
1781,36170,487,Eugenol,GPX3
602,10237,459,Phenol,GPX4
1673,57137,459,Gallic acid,GPX4
433,10237,486,Phenol,GPX5
1686,57137,486,Gallic acid,GPX5
1610,57137,123,Gallic acid,GRB2
1483,42119,444,hexanol,GRIA3
2571,5525,424,Benzyl alcohol,GRIN2A
2582,5525,426,Benzyl alcohol,GRIN2C
2567,5525,431,Benzyl alcohol,GRIN3A
3110,7890,3383,(+/-)-Eucalyptol,GRM2
1782,36170,1502,Eugenol,GSK3B
953,10237,471,Phenol,GSR
1264,3283,471,Naringenin,GSR
1392,34518,471,Licochalcone A,GSR
1611,57137,471,Gallic acid,GSR
1783,36170,471,Eugenol,GSR
2154,4373,471,Coumarin,GSR
2469,9091,471,Caffeic acid,GSR
633,10237,452,Phenol,GSTA1
1784,36170,452,Eugenol,GSTA1
2155,4373,452,Coumarin,GSTA1
2943,36807,452,4-Allyl-2-methoxy-3-methylphenol,GSTA1
413,10237,453,Phenol,GSTA2
1785,36170,453,Eugenol,GSTA2
2156,4373,453,Coumarin,GSTA2
2944,36807,453,4-Allyl-2-methoxy-3-methylphenol,GSTA2
971,10237,475,Phenol,GSTA3
1786,36170,475,Eugenol,GSTA3
2157,4373,475,Coumarin,GSTA3
2945,36807,475,4-Allyl-2-methoxy-3-methylphenol,GSTA3
513,10237,477,Phenol,GSTA4
2158,4373,477,Coumarin,GSTA4
2310,4373,479,Coumarin,GSTA5
693,10237,473,Phenol,GSTM1
1787,36170,473,Eugenol,GSTM1
2470,9091,473,Caffeic acid,GSTM1
2946,36807,473,4-Allyl-2-methoxy-3-methylphenol,GSTM1
3163,35659,473,(+)-geniposide,GSTM1
1788,36170,457,Eugenol,GSTM2
2471,9091,457,Caffeic acid,GSTM2
2947,36807,457,4-Allyl-2-methoxy-3-methylphenol,GSTM2
3164,35659,457,(+)-geniposide,GSTM2
2159,4373,460,Coumarin,GSTM5
265,17352,481,Rhein,GSTO1
258,17352,467,Rhein,GSTO2
441,10237,480,Phenol,GSTP1
1789,36170,480,Eugenol,GSTP1
2160,4373,480,Coumarin,GSTP1
2472,9091,480,Caffeic acid,GSTP1
2948,36807,480,4-Allyl-2-methoxy-3-methylphenol,GSTP1
2162,4373,484,Coumarin,GSTT1
218,10195,5913,Salicylate,GUSB
729,10237,5913,Phenol,GUSB
2473,9091,5913,Caffeic acid,GUSB
796,10237,5160,Phenol,GZMA
335,10237,5764,Phenol,H2AFX
2474,9091,585,Caffeic acid,H6PD
3092,37200,5098,1-Pentadecene,HADHB
2163,4373,239,Coumarin,HAL
2431,35084,239,Calycosin,HAL
2580,5525,239,Benzyl alcohol,HAL
2713,36250,239,Benzaldehyde,HAL
2894,3993,239,4-Hydroxybenzoic acid,HAL
2164,4373,2642,Coumarin,HAO2
2779,23508,5924,a-Crocin,HAS1
226,10195,5921,Salicylate,HAS2
2772,23508,5921,a-Crocin,HAS2
214,10195,5912,Salicylate,HAS3
2773,23508,5912,a-Crocin,HAS3
2475,9091,4050,Caffeic acid,HAVCR2
2165,4373,1032,Coumarin,HBA1
337,10237,1334,Phenol,HBB
760,10237,5082,Phenol,HBE1
489,10237,2306,Phenol,HDAC1
1150,32326,2306,Oleanolic acid,HDAC1
422,10237,1000,Phenol,HDAC9
2704,36250,187,Benzaldehyde,HDC
2949,36807,187,4-Allyl-2-methoxy-3-methylphenol,HDC
3153,32269,187,(+/-)-alpha-Pinene,HDC
1548,8786,2448,Gamma-Linolenic acid,HEXB
942,10237,2111,Phenol,HGF
135,3032,4089,Stearic acid,HHAT
239,17352,1447,Rhein,HIF1A
1118,56947,1447,Ononin,HIF1A
1217,34516,1447,Neochanin,HIF1A
1612,57137,1447,Gallic acid,HIF1A
1792,36170,1447,Eugenol,HIF1A
2406,35084,1447,Calycosin,HIF1A
473,10237,5642,Phenol,HIST1H4C
200,10195,2406,Salicylate,HLA-A
434,10237,2406,Phenol,HLA-A
248,17352,13179,Rhein,HLA-B
425,10237,13179,Phenol,HLA-B
1793,36170,13179,Eugenol,HLA-B
556,10237,13181,Phenol,HLA-DRB1
1151,32326,3465,Oleanolic acid,HMGB1
2407,35084,3465,Calycosin,HMGB1
1492,42119,3275,hexanol,HMGCL
3030,42389,3275,2-Methylpentadecanoic acid,HMGCL
11,33749,575,Stigmasterol,HMGCR
769,10237,575,Phenol,HMGCR
1794,36170,575,Eugenol,HMGCR
2167,4373,575,Coumarin,HMGCR
2476,9091,575,Caffeic acid,HMGCR
3107,7890,575,(+/-)-Eucalyptol,HMGCR
340,10237,678,Phenol,HMOX1
1152,32326,678,Oleanolic acid,HMOX1
1266,3283,678,Naringenin,HMOX1
1550,8786,678,Gamma-Linolenic acid,HMOX1
1795,36170,678,Eugenol,HMOX1
1998,732,678,D-(-)-Mannitol,HMOX1
2569,5525,38988,Benzyl alcohol,HMSD
2620,36250,38988,Benzaldehyde,HMSD
2816,1622,38988,4-Methylphenol,HMSD
2987,1707,38988,3-Methylphenol,HMSD
3025,35274,38988,2-Methylphenol,HMSD
686,10237,3450,Phenol,HNF4A
619,10237,4663,Phenol,HNRNPA1
743,10237,1371,Phenol,HPRT1
708,10237,3880,Phenol,HPSE
2311,4373,4770,Coumarin,HPX
696,10237,2082,Phenol,HRAS
1797,36170,2082,Eugenol,HRAS
3079,34333,593,29-Hydroxy-11,HSD11B1
3080,34333,599,29-Hydroxy-11,HSD11B2
1232,3283,582,Naringenin,HSD17B1
1476,34602,582,iso-Licoflavonol,HSD17B1
2168,4373,582,Coumarin,HSD17B1
2386,32774,582,Carvacrol,HSD17B1
2989,1707,582,3-Methylphenol,HSD17B1
1474,34602,583,iso-Licoflavonol,HSD17B2
1522,36039,574,glycycoumarin,HSD17B3
864,10237,564,Phenol,HSD17B4
669,10237,378,Phenol,HSD17B6
2169,4373,1190,Coumarin,HSP90B1
2477,9091,1190,Caffeic acid,HSP90B1
727,10237,5047,Phenol,HSPA4
2384,32774,5047,Carvacrol,HSPA4
2376,32774,52,Carvacrol,HSPA5
2387,32774,3527,Carvacrol,HSPA8
623,10237,4374,Phenol,HSPD1
2379,32774,4374,Carvacrol,HSPD1
2554,5525,873,Benzyl alcohol,HTR1A
482,10237,718,Phenol,IARS
2752,538,718,Azelaic acid,IARS
2850,3993,718,4-Hydroxybenzoic acid,IARS
827,10237,163,Phenol,ICAM1
1154,32326,163,Oleanolic acid,ICAM1
1801,36170,163,Eugenol,ICAM1
2807,1622,163,4-Methylphenol,ICAM1
3086,32574,4457,2-(4-Methyl-3-cyclohexen-1-yl)-2-propanol,ID2
1802,36170,1702,Eugenol,IDI1
3151,32269,4747,(+/-)-alpha-Pinene,IDO1
219,10195,4939,Salicylate,IFI27L2
2700,36250,22,Benzaldehyde,IFNAR1
927,10237,1475,Phenol,IFNG
1803,36170,1475,Eugenol,IFNG
730,10237,1800,Phenol,IGF1
1999,732,1800,D-(-)-Mannitol,IGF1
809,10237,65,Phenol,IGF1R
793,10237,4218,Phenol,IGFBP1
910,10237,5352,Phenol,IGFBP2
463,10237,1488,Phenol,IGFBP3
2742,538,1488,Azelaic acid,IGFBP3
2708,36250,4918,Benzaldehyde,IGSF6
207,10195,928,Salicylate,IKBKB
1530,8786,928,Gamma-Linolenic acid,IKBKB
1613,57137,928,Gallic acid,IKBKB
1804,36170,928,Eugenol,IKBKB
12,33749,3376,Stigmasterol,IL10
419,10237,3376,Phenol,IL10
1805,36170,3376,Eugenol,IL10
725,10237,3871,Phenol,IL12A
1806,36170,3871,Eugenol,IL12A
2823,1622,3871,4-Methylphenol,IL12A
921,10237,2421,Phenol,IL12B
1807,36170,2421,Eugenol,IL12B
2825,1622,2421,4-Methylphenol,IL12B
197,10195,3912,Salicylate,IL17A
786,10237,3916,Phenol,IL18
343,10237,3478,Phenol,IL1A
30,3032,1380,Stearic acid,IL1B
344,10237,1380,Phenol,IL1B
1386,34518,1380,Licochalcone A,IL1B
1614,57137,1380,Gallic acid,IL1B
1808,36170,1380,Eugenol,IL1B
2173,4373,1380,Coumarin,IL1B
2808,1622,1380,4-Methylphenol,IL1B
1809,36170,3923,Eugenol,IL1R2
935,10237,1330,Phenol,IL2
1551,8786,1330,Gamma-Linolenic acid,IL2
1810,36170,1330,Eugenol,IL2
468,10237,14,Phenol,IL2RA
1947,36170,1385,Eugenol,IL3
920,10237,4143,Phenol,IL4
1218,34516,4143,Neochanin,IL4
2917,35893,4143,4-Ethylphenol,IL4
2867,3993,2552,4-Hydroxybenzoic acid,IL4I1
919,10237,1516,Phenol,IL5
1962,36170,1516,Eugenol,IL5
31,3032,1514,Stearic acid,IL6
345,10237,1514,Phenol,IL6
1267,3283,1514,Naringenin,IL6
1615,57137,1514,Gallic acid,IL6
1812,36170,1514,Eugenol,IL6
2000,732,1514,D-(-)-Mannitol,IL6
2044,31121,1514,Crocetin,IL6
2174,4373,1514,Coumarin,IL6
2480,9091,1514,Caffeic acid,IL6
836,10237,3997,Phenol,IL7
1813,36170,3897,Eugenol,IL7R
3138,32269,596,(+/-)-alpha-Pinene,IMPDH1
3141,32269,588,(+/-)-alpha-Pinene,IMPDH2
2950,36807,3546,4-Allyl-2-methoxy-3-methylphenol,INCENP
1155,32326,1693,Oleanolic acid,INS
2984,1707,1693,3-Methylphenol,INS
68,3032,39277,Stearic acid,INS-IGF2
581,10237,39277,Phenol,INS-IGF2
1028,4006,39277,Palmitelaidic acid,INS-IGF2
2986,1707,39277,3-Methylphenol,INS-IGF2
723,10237,64,Phenol,INSR
1157,32326,64,Oleanolic acid,INSR
1111,4006,4980,Palmitelaidic acid,INSRR
892,10237,4253,Phenol,IRF1
718,10237,3758,Phenol,IRS1
1158,32326,3758,Oleanolic acid,IRS1
2176,4373,1750,Coumarin,ISYNA1
123,3032,4198,Stearic acid,ITGA2
749,10237,4198,Phenol,ITGA2
1816,36170,4368,Eugenol,ITGA6
772,10237,4392,Phenol,ITGAM
1817,36170,151,Eugenol,ITGB1
233,10195,5906,Salicylate,ITIH2
611,10237,2725,Phenol,IYD
2819,1622,2725,4-Methylphenol,IYD
1394,34518,3316,Licochalcone A,JAK1
458,10237,3314,Phenol,JAK2
510,10237,1161,Phenol,JUN
1670,57137,1161,Gallic acid,JUN
2001,732,1161,D-(-)-Mannitol,JUN
837,10237,1934,Phenol,KAT2B
1818,36170,3487,Eugenol,KCNA5
2654,36250,1301,Benzaldehyde,KCNE1
1268,3283,853,Naringenin,KCNH2
2032,53911,853,Cymene,KCNH2
2648,36250,883,Benzaldehyde,KCNJ11
1819,36170,5599,Eugenol,KCNJ2
2178,4373,854,Coumarin,KCNK2
2481,9091,885,Caffeic acid,KCNN4
49,3032,4063,Stearic acid,KDM5A
82,3032,305,Stearic acid,KDM5D
835,10237,1067,Phenol,KDR
280,34847,3831,Rhamnocitrin,KEAP1
2484,9091,3197,Caffeic acid,KIF2C
681,10237,4292,Phenol,KLK3
3120,7890,4292,(+/-)-Eucalyptol,KLK3
13,33749,4247,Stigmasterol,KNG1
824,10237,4247,Phenol,KNG1
1955,36170,4247,Eugenol,KNG1
2707,36250,4247,Benzaldehyde,KNG1
865,10237,3620,Phenol,KRAS
2181,4373,4542,Coumarin,KRT19
1553,8786,171,Gamma-Linolenic acid,KYNU
2182,4373,171,Coumarin,KYNU
2586,5525,2220,Benzyl alcohol,LAP3
1095,4006,5560,Palmitelaidic acid,LCAT
1617,57137,562,Gallic acid,LDHA
2485,9091,562,Caffeic acid,LDHA
1618,57137,567,Gallic acid,LDHB
2486,9091,567,Caffeic acid,LDHB
784,10237,566,Phenol,LDHC
875,10237,1235,Phenol,LDLR
1619,57137,1235,Gallic acid,LDLR
1821,36170,1235,Eugenol,LDLR
2021,53911,1235,Cymene,LDLR
91,3032,4271,Stearic acid,LEP
688,10237,4271,Phenol,LEP
1050,4006,4271,Palmitelaidic acid,LEP
1159,32326,4271,Oleanolic acid,LEP
2835,3993,4271,4-Hydroxybenzoic acid,LEP
3157,32269,36,(+/-)-alpha-Pinene,LHCGR
3044,35917,715,2-Methylbutyric acid,LIAS
840,10237,981,Phenol,LIG1
471,10237,982,Phenol,LIG3
3103,32369,39055,.gamma.-Terpinene,LIMS3L
62,3032,5660,Stearic acid,LMNA
186,31611,5195,Skatole,LNPEP
2572,5525,39199,Benzyl alcohol,LOC100652930
1029,4006,38975,Palmitelaidic acid,LOC101929829
436,10237,39238,Phenol,LOC102724197
2680,36250,212,Benzaldehyde,LOC102724985
279,17352,4296,Rhein,LOX
922,10237,4296,Phenol,LOX
84,3032,4895,Stearic acid,LPA
664,10237,4895,Phenol,LPA
104,3032,3424,Stearic acid,LPL
698,10237,3424,Phenol,LPL
1056,4006,3424,Palmitelaidic acid,LPL
847,10237,4911,Phenol,LPO
1002,4006,1911,Palmitelaidic acid,lpxC
575,10237,5770,Phenol,LRBA
2185,4373,5230,Coumarin,LRP3
351,10237,5236,Phenol,LRP5
584,10237,1964,Phenol,LSS
1423,41570,1964,Kaur-16-ene,LSS
184,31611,1466,Skatole,LTA4H
209,10195,1466,Salicylate,LTA4H
1064,4006,470,Palmitelaidic acid,LTC4S
917,10237,1720,Phenol,LTF
2323,4373,1720,Coumarin,LTF
776,10237,2424,Phenol,LY96
857,10237,315,Phenol,LYZ
1526,36039,814,glycycoumarin,MAOA
1936,36170,814,Eugenol,MAOA
2764,23508,814,a-Crocin,MAOA
2868,3993,814,4-Hydroxybenzoic acid,MAOA
1521,36039,790,glycycoumarin,MAOB
1925,36170,790,Eugenol,MAOB
2282,4373,790,Coumarin,MAOB
2765,23508,790,a-Crocin,MAOB
2845,3993,790,4-Hydroxybenzoic acid,MAOB
1620,57137,2046,Gallic acid,MAP2K1
2002,732,2046,D-(-)-Mannitol,MAP2K1
2003,732,3482,D-(-)-Mannitol,MAP2K2
2487,9091,4160,Caffeic acid,MAP2K5
1825,36170,4543,Eugenol,MAP3K5
1160,32326,1409,Oleanolic acid,MAPK1
1269,3283,1409,Naringenin,MAPK1
1621,57137,1409,Gallic acid,MAPK1
2004,732,1409,D-(-)-Mannitol,MAPK1
2333,9912,1409,cis-caffeic acid,MAPK1
2410,35084,1409,Calycosin,MAPK1
2536,32303,1409,Betulinic acid,MAPK1
2743,538,1409,Azelaic acid,MAPK1
2918,35893,1409,4-Ethylphenol,MAPK1
1319,35694,2265,Myristicin,MAPK12
2329,9912,2265,cis-caffeic acid,MAPK12
1161,32326,1179,Oleanolic acid,MAPK3
1270,3283,1179,Naringenin,MAPK3
1554,8786,1179,Gamma-Linolenic acid,MAPK3
1622,57137,1179,Gallic acid,MAPK3
2005,732,1179,D-(-)-Mannitol,MAPK3
2411,35084,1179,Calycosin,MAPK3
2537,32303,1179,Betulinic acid,MAPK3
2744,538,1179,Azelaic acid,MAPK3
2919,35893,1179,4-Ethylphenol,MAPK3
229,10195,4940,Salicylate,MAPK6
551,10237,1699,Phenol,MAPK8
1623,57137,1699,Gallic acid,MAPK8
2006,732,1699,D-(-)-Mannitol,MAPK8
1624,57137,3524,Gallic acid,MAPK9
3017,35274,5165,2-Methylphenol,MASP1
3024,35274,3256,2-Methylphenol,MASP2
2186,4373,243,Coumarin,MAT1A
557,10237,1618,Phenol,MB
2187,4373,1734,Coumarin,MBL2
78,3032,4403,Stearic acid,MBTPS1
3073,35933,4403,2-Ethylphenol,MBTPS1
3127,32269,5681,(+/-)-alpha-Pinene,MBTPS2
115,3032,3547,Stearic acid,MCAT
765,10237,3547,Phenol,MCAT
1074,4006,3547,Palmitelaidic acid,MCAT
988,37681,268,Pentadecyl ketone,MCCC1
353,10237,3874,Phenol,MCL1
1473,34602,3874,iso-Licoflavonol,MCL1
1518,57804,3874,Glycyrrh-iso-flavone,MCL1
2413,35084,4285,Calycosin,MCM6
862,10237,5861,Phenol,MDFIC
913,10237,572,Phenol,MDH1
655,10237,561,Phenol,MDH2
416,10237,2464,Phenol,MDM2
1827,36170,576,Eugenol,ME1
1162,32326,2045,Oleanolic acid,MET
2576,5525,5351,Benzyl alcohol,MGEA5
1625,57137,531,Gallic acid,MGMT
1626,57137,454,Gallic acid,MGST1
1828,36170,454,Eugenol,MGST1
2193,4373,466,Coumarin,MGST2
2194,4373,449,Coumarin,MGST3
1515,57804,1795,Glycyrrh-iso-flavone,MIF
2954,36807,5557,4-Allyl-2-methoxy-3-methylphenol,MKI67
916,10237,5297,Phenol,MLH1
660,10237,1272,Phenol,MMP1
2318,4373,1272,Coumarin,MMP1
2672,36250,1272,Benzaldehyde,MMP1
787,10237,1278,Phenol,MMP10
2309,4373,1278,Coumarin,MMP10
970,10237,1279,Phenol,MMP11
1555,8786,1279,Gamma-Linolenic acid,MMP11
2325,4373,1279,Coumarin,MMP11
199,10195,1280,Salicylate,MMP13
2315,4373,1280,Coumarin,MMP13
2538,32303,1280,Betulinic acid,MMP13
2299,4373,1281,Coumarin,MMP14
2677,36250,1281,Benzaldehyde,MMP14
2322,4373,1282,Coumarin,MMP15
2306,4373,1283,Coumarin,MMP16
2286,4373,1284,Coumarin,MMP17
2296,4373,1285,Coumarin,MMP19
959,10237,1273,Phenol,MMP2
1628,57137,1273,Gallic acid,MMP2
1829,36170,1273,Eugenol,MMP2
2045,31121,1273,Crocetin,MMP2
2321,4373,1273,Coumarin,MMP2
2539,32303,1273,Betulinic acid,MMP2
2723,36250,1273,Benzaldehyde,MMP2
2314,4373,1286,Coumarin,MMP20
2284,4373,1287,Coumarin,MMP21
2294,4373,1288,Coumarin,MMP23B
2327,4373,1289,Coumarin,MMP24
2292,4373,1290,Coumarin,MMP25
2303,4373,1291,Coumarin,MMP26
2313,4373,1292,Coumarin,MMP27
739,10237,1274,Phenol,MMP3
2304,4373,1274,Coumarin,MMP3
858,10237,1275,Phenol,MMP7
1629,57137,1275,Gallic acid,MMP7
2316,4373,1275,Coumarin,MMP7
2326,4373,1276,Coumarin,MMP8
503,10237,1277,Phenol,MMP9
1630,57137,1277,Gallic acid,MMP9
1830,36170,1277,Eugenol,MMP9
2046,31121,1277,Crocetin,MMP9
2288,4373,1277,Coumarin,MMP9
2540,32303,1277,Betulinic acid,MMP9
2613,36250,4372,Benzaldehyde,MOG
355,10237,929,Phenol,MPO
1631,57137,929,Gallic acid,MPO
1831,36170,929,Eugenol,MPO
2047,31121,929,Crocetin,MPO
2489,9091,929,Caffeic acid,MPO
2809,1622,929,4-Methylphenol,MPO
912,10237,4456,Phenol,MSH2
2196,4373,677,Coumarin,MSMO1
1362,32747,225,Methyl (1S,MTR
2775,23508,225,a-Crocin,MTR
1455,41570,227,Kaur-16-ene,MTRR
795,10237,226,Phenol,MUT
3068,35933,5042,2-Ethylphenol,MX1
359,10237,3867,Phenol,MYB
1837,36170,3867,Eugenol,MYB
360,10237,3797,Phenol,MYC
1167,32326,3797,Oleanolic acid,MYC
1558,8786,3797,Gamma-Linolenic acid,MYC
1838,36170,3797,Eugenol,MYC
447,10237,4604,Phenol,MYD88
937,10237,5257,Phenol,MYH1
876,10237,5258,Phenol,MYH13
891,10237,5259,Phenol,MYH2
867,10237,5263,Phenol,MYH4
585,10237,5284,Phenol,MYH6
592,10237,3749,Phenol,MYH7
2007,732,5285,D-(-)-Mannitol,MYL9
1352,35694,5251,Myristicin,MYO1A
1353,35694,5273,Myristicin,MYO1B
1355,35694,5275,Myristicin,MYO1D
1350,35694,5269,Myristicin,MYO1E
881,10237,5855,Phenol,MYOD1
901,10237,5857,Phenol,MYOG
1417,41570,5836,Kaur-16-ene,NAA15
761,10237,4070,Phenol,NACC1
2663,36250,429,Benzaldehyde,NADSYN1
3040,35917,430,2-Methylbutyric acid,NAGS
1839,36170,3413,Eugenol,NAMPT
710,10237,5850,Phenol,NAT1
2055,31121,5850,Crocetin,NAT1
201,10195,4776,Salicylate,NAT2
1532,8786,4776,Gamma-Linolenic acid,NAT2
2053,31121,4776,Crocetin,NAT2
361,10237,4535,Phenol,NCF1
1632,57137,4535,Gallic acid,NCF1
671,10237,4321,Phenol,NCL
362,10237,1553,Phenol,NCOA2
1840,36170,642,Eugenol,ND5
855,10237,5793,Phenol,NDC80
151,3032,645,Stearic acid,NDUFAB1
1104,4006,645,Palmitelaidic acid,NDUFAB1
2757,538,645,Azelaic acid,NDUFAB1
424,10237,831,Phenol,NEU1
246,17352,832,Rhein,NEU2
1168,32326,4068,Oleanolic acid,NFE2L2
1841,36170,4068,Eugenol,NFE2L2
2199,4373,4068,Coumarin,NFE2L2
2767,23508,4068,a-Crocin,NFE2L2
240,17352,1396,Rhein,NFKB1
364,10237,1396,Phenol,NFKB1
1842,36170,1396,Eugenol,NFKB1
973,10237,1363,Phenol,NFKB2
1271,3283,1362,Naringenin,NFKBIA
1843,36170,1362,Eugenol,NFKBIA
2541,32303,1362,Betulinic acid,NFKBIA
520,10237,1515,Phenol,NGF
1930,36170,1515,Eugenol,NGF
2414,35084,2068,Calycosin,NME1
450,10237,3158,Phenol,NME2
85,3032,541,Stearic acid,NOS1
366,10237,541,Phenol,NOS1
1272,3283,285,Naringenin,NOS2
1844,36170,285,Eugenol,NOS2
2203,4373,285,Coumarin,NOS2
1193,32326,38929,Oleanolic acid,Nos2 Inosl
745,10237,283,Phenol,NOS3
1219,34516,283,Neochanin,NOS3
2493,9091,283,Caffeic acid,NOS3
791,10237,3965,Phenol,NOTCH1
14,33749,1365,Stigmasterol,NPC1L1
171,31611,3455,Skatole,NPEPPS
1942,36170,3455,Eugenol,NPEPPS
2627,36250,1443,Benzaldehyde,NPPB
899,10237,2494,Phenol,NPY
368,10237,724,Phenol,NQO1
1169,32326,724,Oleanolic acid,NQO1
1845,36170,724,Eugenol,NQO1
2204,4373,724,Coumarin,NQO1
369,10237,4462,Phenol,NR0B2
2205,4373,4462,Coumarin,NR0B2
1170,32326,2305,Oleanolic acid,NR1H4
1171,32326,1614,Oleanolic acid,NR1I3
2920,35893,1614,4-Ethylphenol,NR1I3
918,10237,779,Phenol,NR3C1
3075,34333,779,29-Hydroxy-11,NR3C1
370,10237,3304,Phenol,NR5A1
2208,4373,5471,Coumarin,NRTN
3031,35917,1805,2-Methylbutyric acid,NSF
890,10237,5578,Phenol,NT5C
2585,5525,5578,Benzyl alcohol,NT5C
2584,5525,5574,Benzyl alcohol,NT5C1A
2570,5525,735,Benzyl alcohol,NT5C2
2583,5525,5576,Benzyl alcohol,NT5C3A
2589,5525,1299,Benzyl alcohol,NT5E
2564,5525,2087,Benzyl alcohol,NT5M
2011,732,175,D-(-)-Mannitol,OAT
2212,4373,175,Coumarin,OAT
2694,36250,175,Benzaldehyde,OAT
2355,32774,333,Carvacrol,OAZ1
1634,57137,176,Gallic acid,ODC1
2758,538,622,Azelaic acid,OGDH
1399,41570,5353,Kaur-16-ene,OGT
1922,36170,39058,Eugenol,OR5D16
2910,3993,388,4-Hydroxybenzoic acid,OXCT1
2851,3993,374,4-Hydroxybenzoic acid,OXCT2
964,10237,161,Phenol,OXT
1850,36170,4199,Eugenol,P2RX3
118,3032,2223,Stearic acid,PAEP
1851,36170,323,Eugenol,PAICS
969,10237,1767,Phenol,PAPOLA
213,10195,5694,Salicylate,PAPPA
162,31611,2285,Skatole,PARP1
535,10237,2285,Phenol,PARP1
1327,35694,2285,Myristicin,PARP1
1560,8786,2285,Gamma-Linolenic acid,PARP1
1852,36170,2285,Eugenol,PARP1
2214,4373,2285,Coumarin,PARP1
987,37681,269,Pentadecyl ketone,PCCA
1048,4006,1739,Palmitelaidic acid,PCK1
2215,4373,4975,Coumarin,PCK2
1437,41570,1645,Kaur-16-ene,PCMT1
469,10237,4184,Phenol,PCNA
1172,32326,4184,Oleanolic acid,PCNA
1561,8786,4184,Gamma-Linolenic acid,PCNA
1853,36170,4184,Eugenol,PCNA
1055,4006,71,Palmitelaidic acid,PCSK1
1854,36170,344,Eugenol,PDE4B
2216,4373,344,Coumarin,PDE4B
2786,35360,850,7-Hydroxy-2-(4-hydroxyphenyl)-6-(3-methyl-2-buten-1-yl)-4H-chromen-4-one,PDE5A
647,10237,4643,Phenol,PDGFB
1958,36170,155,Eugenol,PDGFRA
2219,4373,3767,Coumarin,PDK2
2676,36250,4774,Benzaldehyde,PGA5
1855,36170,1295,Eugenol,PGD
497,10237,2930,Phenol,PGK1
2913,3993,2930,4-Hydroxybenzoic acid,PGK1
657,10237,984,Phenol,PGR
1273,3283,984,Naringenin,PGR
3076,34333,984,29-Hydroxy-11,PGR
3029,42389,50,2-Methylpentadecanoic acid,PHYH
2301,4373,5837,Coumarin,PIGS
373,10237,844,Phenol,PIK3CD
1857,36170,1410,Eugenol,PIK3R1
2495,9091,1410,Caffeic acid,PIK3R1
374,10237,343,Phenol,PIM1
94,3032,508,Stearic acid,PIPOX
673,10237,508,Phenol,PIPOX
624,10237,248,Phenol,PKLR
3050,35917,248,2-Methylbutyric acid,PKLR
667,10237,252,Phenol,PKM
3037,35917,252,2-Methylbutyric acid,PKM
2220,4373,5010,Coumarin,PLA2G12A
17,3032,2618,Stearic acid,PLA2G2D
955,10237,30,Phenol,PLAT
1858,36170,30,Eugenol,PLAT
2746,538,30,Azelaic acid,PLAT
501,10237,29,Phenol,PLAU
2747,538,29,Azelaic acid,PLAU
703,10237,23,Phenol,PLG
2496,9091,3511,Caffeic acid,PLK1
1328,35694,2485,Myristicin,PMS2
2958,36807,2485,4-Allyl-2-methoxy-3-methylphenol,PMS2
61,3032,1419,Stearic acid,PNLIP
1356,42390,1419,Methyl pentadecanoate,PNLIP
2781,23508,1419,a-Crocin,PNLIP
2417,35084,179,Calycosin,PNPO
2832,3993,2156,4-Hydroxybenzoic acid,pobA
2834,3993,1995,4-Hydroxybenzoic acid,pobA
2738,538,1141,Azelaic acid,polA
2221,4373,4898,Coumarin,POLD1
2222,4373,4897,Coumarin,POLD2
2959,36807,4899,4-Allyl-2-methoxy-3-methylphenol,POLD3
963,10237,4896,Phenol,POLI
829,10237,1318,Phenol,POMC
943,10237,1499,Phenol,PON1
1274,3283,1499,Naringenin,PON1
941,10237,5145,Phenol,PON2
2013,732,2549,D-(-)-Mannitol,POR
2612,36250,39093,Benzaldehyde,POTEI
32,3032,1015,Stearic acid,PPARA
272,17352,1015,Rhein,PPARA
845,10237,1015,Phenol,PPARA
1174,32326,1015,Oleanolic acid,PPARA
1564,8786,1015,Gamma-Linolenic acid,PPARA
2390,32774,1015,Carvacrol,PPARA
99,3032,685,Stearic acid,PPARD
268,17352,685,Rhein,PPARD
3099,64849,685,15-(4-Iodophenyl)pentadecanoic acid,PPARD
33,3032,684,Stearic acid,PPARG
378,10237,684,Phenol,PPARG
1068,4006,684,Palmitelaidic acid,PPARG
1220,34516,684,Neochanin,PPARG
1520,36039,684,glycycoumarin,PPARG
1528,8786,684,Gamma-Linolenic acid,PPARG
1636,57137,684,Gallic acid,PPARG
1860,36170,684,Eugenol,PPARG
2498,9091,684,Caffeic acid,PPARG
2748,538,684,Azelaic acid,PPARG
34,3032,4978,Stearic acid,PPARGC1A
2022,53911,143,Cymene,PPIA
2023,53911,39069,Cymene,PPIAL4G
2036,53911,144,Cymene,PPIF
379,10237,4369,Phenol,PPM1D
3032,35917,3707,2-Methylbutyric acid,PPP3CA
3048,35917,5260,2-Methylbutyric acid,PPP3CC
50,3032,1979,Stearic acid,PPT1
1175,32326,5183,Oleanolic acid,PRDX1
2418,35084,5183,Calycosin,PRDX1
2419,35084,2052,Calycosin,PRDX2
1861,36170,5185,Eugenol,PRDX3
2499,9091,1372,Caffeic acid,PRDX5
2966,35332,1584,4-[7-(beta-D-Allopyranosyloxy)-4-oxo-3,PREP
699,10237,1819,Phenol,PRKACA
819,10237,2298,Phenol,PRKAR2B
1637,57137,494,Gallic acid,PRKCA
2810,1622,494,4-Methylphenol,PRKCA
261,17352,3177,Rhein,PRKCD
2331,9912,1960,cis-caffeic acid,PRKCQ
380,10237,843,Phenol,PRKDC
1331,35694,843,Myristicin,PRKDC
1638,57137,843,Gallic acid,PRKDC
2637,36250,5771,Benzaldehyde,PRKG1
2720,36250,5773,Benzaldehyde,PRKG2
732,10237,4250,Phenol,PRL
2921,35893,4250,4-Ethylphenol,PRL
448,10237,117,Phenol,PROS1
705,10237,1568,Phenol,PRSS1
3055,47334,1568,2-Hydroxymethylserine,PRSS1
550,10237,1714,Phenol,PRSS2
3056,47334,1714,2-Hydroxymethylserine,PRSS2
2357,32774,2128,Carvacrol,PRSS3
909,10237,3402,Phenol,PRTN3
1275,3283,4261,Naringenin,PSEN2
2729,36250,3566,Benzaldehyde,PSMA3
2636,36250,3570,Benzaldehyde,PSMA7
524,10237,4953,Phenol,PSMD4
507,10237,6497,Phenol,PTEN
1176,32326,6497,Oleanolic acid,PTEN
3074,34333,1269,29-Hydroxy-11,PTGER2
1862,36170,1338,Eugenol,PTGER3
3094,64849,1338,15-(4-Iodophenyl)pentadecanoic acid,PTGER3
1093,4006,1305,Palmitelaidic acid,PTGIS
2901,3993,1305,4-Hydroxybenzoic acid,PTGIS
1565,8786,2779,Gamma-Linolenic acid,PTGR1
1863,36170,2779,Eugenol,PTGR1
2225,4373,2779,Coumarin,PTGR1
3004,34227,2779,2-Nonanone,PTGR1
3008,34227,1013,2-Nonanone,PTGR2
544,10237,537,Phenol,PTGS1
2373,32774,537,Carvacrol,PTGS1
2811,1622,537,4-Methylphenol,PTGS1
35,3032,538,Stearic acid,PTGS2
241,17352,538,Rhein,PTGS2
530,10237,538,Phenol,PTGS2
1177,32326,538,Oleanolic acid,PTGS2
1566,8786,538,Gamma-Linolenic acid,PTGS2
1639,57137,538,Gallic acid,PTGS2
1864,36170,538,Eugenol,PTGS2
2500,9091,538,Caffeic acid,PTGS2
782,10237,3206,Phenol,PTH
2014,732,3206,D-(-)-Mannitol,PTH
2015,732,3539,D-(-)-Mannitol,PTK2
2658,36250,3539,Benzaldehyde,PTK2
2656,36250,1425,Benzaldehyde,PTK2B
1390,34518,1442,Licochalcone A,PTPN1
2759,34741,1442,Arcapillin,PTPN1
2967,42599,1442,4-[6-Hydroxy-4-methoxy-5-(3-methyl-but-2-enyl)-benzofuran-2-yl]-benzene-1,PTPN1
2501,9091,4766,Caffeic acid,PTX3
965,10237,204,Phenol,PYGB
967,10237,184,Phenol,PYGL
975,10237,205,Phenol,PYGM
382,10237,2878,Phenol,RAB9A
1640,57137,3160,Gallic acid,RAC1
811,10237,3194,Phenol,RAD51
1333,35694,3194,Myristicin,RAD51
566,10237,5631,Phenol,RAD52
2961,36807,5631,4-Allyl-2-methoxy-3-methylphenol,RAD52
878,10237,1065,Phenol,RAF1
429,10237,3147,Phenol,RAN
274,17352,862,Rhein,RARA
2050,31121,862,Crocetin,RARA
260,17352,859,Rhein,RARB
2051,31121,859,Crocetin,RARB
814,10237,66,Phenol,RB1
1865,36170,66,Eugenol,RB1
2231,4373,701,Coumarin,RBP1
755,10237,4618,Phenol,REL
36,3032,4192,Stearic acid,RELA
242,17352,4192,Rhein,RELA
440,10237,4192,Phenol,RELA
1276,3283,4192,Naringenin,RELA
1642,57137,4192,Gallic acid,RELA
1867,36170,4192,Eugenol,RELA
2048,31121,4192,Crocetin,RELA
2543,32303,4192,Betulinic acid,RELA
801,10237,866,Phenol,REN
2696,36250,866,Benzaldehyde,REN
215,10195,4938,Salicylate,RHBDF1
751,10237,1454,Phenol,RHO
2332,9912,1454,cis-caffeic acid,RHO
3119,7890,1454,(+/-)-Eucalyptol,RHO
3147,32269,1454,(+/-)-alpha-Pinene,RHO
1643,57137,3151,Gallic acid,RHOA
1644,57137,137,Gallic acid,RHOB
608,10237,314,Phenol,RNASE1
177,31611,5202,Skatole,RNPEP
127,3032,1910,Stearic acid,RORA
80,3032,5298,Stearic acid,RORB
779,10237,1674,Phenol,RPIA
453,10237,2270,Phenol,RPL13A
939,10237,2273,Phenol,RPL19
1645,57137,3328,Gallic acid,RPS6KA1
1646,57137,5509,Gallic acid,RPS6KA5
1675,57137,3357,Gallic acid,RPSA
738,10237,918,Phenol,RRM1
1870,36170,920,Eugenol,RRM2B
247,17352,863,Rhein,RXRA
2052,31121,861,Crocetin,RXRB
559,10237,841,Phenol,RYR1
2358,32774,841,Carvacrol,RYR1
537,10237,4697,Phenol,RYR2
1567,8786,1373,Gamma-Linolenic acid,S100P
1871,36170,3287,Eugenol,SAT1
2568,5525,3287,Benzyl alcohol,SAT1
2581,5525,5830,Benzyl alcohol,SAT2
126,3032,497,Stearic acid,SCARB1
853,10237,497,Phenol,SCARB1
58,3032,4756,Stearic acid,SCD
1023,4006,4756,Palmitelaidic acid,SCD
1345,35694,4756,Myristicin,SCD
37,3032,4501,Stearic acid,Scd1
2240,4373,4501,Coumarin,Scd1
1926,36170,944,Eugenol,SCN1A
1956,36170,1145,Eugenol,SCN2A
2888,3993,1145,4-Hydroxybenzoic acid,SCN2A
1954,36170,1341,Eugenol,SCN3A
1915,36170,1171,Eugenol,SCN4A
1944,36170,815,Eugenol,SCN5A
1920,36170,4994,Eugenol,SCN7A
1934,36170,3416,Eugenol,SCN8A
1918,36170,927,Eugenol,SCN9A
1872,36170,43,Eugenol,SDC2
645,10237,1446,Phenol,SELE
1178,32326,1446,Oleanolic acid,SELE
1682,57137,1430,Gallic acid,SELP
640,10237,32,Phenol,SERPINA5
228,10195,1077,Salicylate,SERPINC1
38,3032,26,Stearic acid,SERPINE1
940,10237,26,Phenol,SERPINE1
1277,3283,26,Naringenin,SERPINE1
2749,538,26,Azelaic acid,SERPINE1
662,10237,3821,Phenol,SERPINF2
499,10237,180,Phenol,SGPL1
2633,36250,180,Benzaldehyde,SGPL1
1298,3283,1084,Naringenin,SHBG
2667,36250,172,Benzaldehyde,SHMT1
2657,36250,207,Benzaldehyde,SHMT2
1278,3283,978,Naringenin,SI
388,10237,3380,Phenol,SIRT1
2422,35084,1641,Calycosin,SKP1
1568,8786,4459,Gamma-Linolenic acid,SKP2
2423,35084,4459,Calycosin,SKP2
1179,32326,5339,Oleanolic acid,SLC10A1
2016,732,868,D-(-)-Mannitol,SLC12A1
389,10237,1258,Phenol,SLC12A6
1279,3283,255,Naringenin,SLC16A1
1875,36170,5636,Eugenol,SLC16A10
2248,4373,416,Coumarin,SLC1A2
1398,41570,826,Kaur-16-ene,SLC29A1
1401,41570,5774,Kaur-16-ene,SLC29A2
1397,41570,5776,Kaur-16-ene,SLC29A3
1280,3283,4540,Naringenin,SLC2A1
2606,36250,4540,Benzaldehyde,SLC2A1
1877,36170,4436,Eugenol,SLC2A4
2503,9091,4436,Caffeic acid,SLC2A4
885,10237,5927,Phenol,SLC35A2
1963,36170,5927,Eugenol,SLC35A2
210,10195,238,Salicylate,SLC38A3
1569,8786,5643,Gamma-Linolenic acid,SLC3A2
2974,34448,3830,4-[(1E)-3-(2,SLC5A1
2979,53197,3830,4-(5-Hydroxy-6,SLC5A1
2973,34448,3477,4-[(1E)-3-(2,SLC5A2
2978,53197,3477,4-(5-Hydroxy-6,SLC5A2
2252,4373,3813,Coumarin,SLC6A13
2253,4373,510,Coumarin,SLC6A9
2705,36250,4122,Benzaldehyde,SLC9A3
15,33749,4890,Stigmasterol,SLCO1B1
128,3032,3254,Stearic acid,SMAD2
2544,32303,6045,Betulinic acid,SMAD3
2691,36250,2181,Benzaldehyde,SMARCA5
1089,4006,1402,Palmitelaidic acid,SMO
896,10237,2065,Phenol,SNRPA
1281,3283,4509,Naringenin,SOCS3
39,3032,2730,Stearic acid,SOD1
1185,32326,2730,Oleanolic acid,SOD1
1282,3283,2730,Naringenin,SOD1
1878,36170,2730,Eugenol,SOD1
40,3032,2687,Stearic acid,SOD2
631,10237,2687,Phenol,SOD2
1036,4006,2687,Palmitelaidic acid,SOD2
1283,3283,2687,Naringenin,SOD2
1681,57137,2687,Gallic acid,SOD2
1879,36170,2687,Eugenol,SOD2
2579,5525,551,Benzyl alcohol,SORD
1284,3283,4279,Naringenin,SPP1
817,10237,1246,Phenol,SQLE
2891,3993,1246,4-Hydroxybenzoic acid,SQLE
568,10237,1476,Phenol,SRC
2017,732,1476,D-(-)-Mannitol,SRC
2643,36250,1476,Benzaldehyde,SRC
1525,36039,1041,glycycoumarin,SRD5A1
2736,538,1140,Azelaic acid,SRD5A2
69,3032,4480,Stearic acid,SREBF1
1030,4006,4480,Palmitelaidic acid,SREBF1
70,3032,5781,Stearic acid,SREBF2
771,10237,1320,Phenol,SST
3016,35274,1320,2-Methylphenol,SST
2684,36250,39269,Benzaldehyde,SSX7
2025,53911,3464,Cymene,ST3GAL5
548,10237,3889,Phenol,STAT1
1882,36170,3889,Eugenol,STAT1
830,10237,4667,Phenol,STAT3
1186,32326,4667,Oleanolic acid,STAT3
1286,3283,4667,Naringenin,STAT3
620,10237,5393,Phenol,STAT5A
758,10237,1480,Phenol,STAT5B
1884,36170,1480,Eugenol,STAT5B
2689,36250,1480,Benzaldehyde,STAT5B
962,10237,2401,Phenol,STS
1506,42119,2401,hexanol,STS
661,10237,1723,Phenol,SULT1A1
1287,3283,1723,Naringenin,SULT1A1
1649,57137,1723,Gallic acid,SULT1A1
2506,9091,1723,Caffeic acid,SULT1A1
2812,1622,1723,4-Methylphenol,SULT1A1
2836,3993,1723,4-Hydroxybenzoic acid,SULT1A1
625,10237,4884,Phenol,SULT1A2
2507,9091,4884,Caffeic acid,SULT1A2
2256,4373,1727,Coumarin,SULT1B1
2509,9091,4861,Caffeic acid,SULT1C2
936,10237,1462,Phenol,SULT1E1
2258,4373,1462,Coumarin,SULT1E1
185,31611,1611,Skatole,SULT2A1
946,10237,1611,Phenol,SULT2A1
1650,57137,1611,Gallic acid,SULT2A1
1685,57137,1613,Gallic acid,SULT2B1
173,31611,3971,Skatole,TAF2
588,10237,181,Phenol,TAT
249,17352,1470,Rhein,TBXA2R
198,10195,1297,Salicylate,TBXAS1
1088,4006,1297,Palmitelaidic acid,TBXAS1
1453,41570,1297,Kaur-16-ene,TBXAS1
700,10237,1119,Phenol,TERT
2678,36250,1119,Benzaldehyde,TERT
397,10237,4628,Phenol,TFRC
2261,4373,4628,Coumarin,TFRC
205,10195,4910,Salicylate,TG
957,10237,4910,Phenol,TG
243,17352,127,Rhein,TGFB1
948,10237,127,Phenol,TGFB1
1289,3283,127,Naringenin,TGFB1
2545,32303,127,Betulinic acid,TGFB1
972,10237,5823,Phenol,TGM1
459,10237,262,Phenol,TH
2848,3993,183,4-Hydroxybenzoic acid,THNSL1
831,10237,969,Phenol,THRA
2262,4373,969,Coumarin,THRA
1653,57137,3439,Gallic acid,TIMP3
2822,1622,1589,4-Methylphenol,TK1
2,32320,4144,TERPINOLENE,TKT
3082,32574,4144,2-(4-Methyl-3-cyclohexen-1-yl)-2-propanol,TKT
3,32320,39009,TERPINOLENE,TKTL2
3084,32574,39009,2-(4-Methyl-3-cyclohexen-1-yl)-2-propanol,TKTL2
859,10237,104,Phenol,TLR2
488,10237,1463,Phenol,TLR4
1888,36170,1463,Eugenol,TLR4
2548,32303,1463,Betulinic acid,TLR4
16,33749,17,Stigmasterol,TNF
41,3032,17,Stearic acid,TNF
401,10237,17,Phenol,TNF
1188,32326,17,Oleanolic acid,TNF
1290,3283,17,Naringenin,TNF
1573,8786,17,Gamma-Linolenic acid,TNF
1654,57137,17,Gallic acid,TNF
1889,36170,17,Eugenol,TNF
2018,732,17,D-(-)-Mannitol,TNF
2049,31121,17,Crocetin,TNF
2265,4373,17,Coumarin,TNF
2510,9091,17,Caffeic acid,TNF
2549,32303,17,Betulinic acid,TNF
2813,1622,17,4-Methylphenol,TNF
402,10237,4290,Phenol,TNFAIP3
1890,36170,4290,Eugenol,TNFAIP3
2019,732,4290,D-(-)-Mannitol,TNFAIP3
1891,36170,3808,Eugenol,TNFAIP6
806,10237,4685,Phenol,TNFRSF11A
976,10237,2794,Phenol,TNFRSF1A
1388,34518,2794,Licochalcone A,TNFRSF1A
1477,34602,2794,iso-Licoflavonol,TNFRSF1A
2341,34848,2794,Cirsilineol,TNFRSF1A
2790,35360,2794,7-Hydroxy-2-(4-hydroxyphenyl)-6-(3-methyl-2-buten-1-yl)-4H-chromen-4-one,TNFRSF1A
1189,32326,18,Oleanolic acid,TNFRSF1B
2266,4373,3959,Coumarin,TNFRSF9
2550,32303,1112,Betulinic acid,TNFSF11
1655,57137,4386,Gallic acid,TNNT2
546,10237,1261,Phenol,TOP1
1190,32326,1261,Oleanolic acid,TOP1
2551,32303,1261,Betulinic acid,TOP1
420,10237,881,Phenol,TOP2A
1191,32326,881,Oleanolic acid,TOP2A
2058,31121,881,Crocetin,TOP2A
2552,32303,881,Betulinic acid,TOP2A
427,10237,1049,Phenol,TOP2B
663,10237,5227,Phenol,TOP3A
163,31611,1360,Skatole,TP53
807,10237,1360,Phenol,TP53
1291,3283,1360,Naringenin,TP53
1656,57137,1360,Gallic acid,TP53
1892,36170,1360,Eugenol,TP53
2511,9091,1360,Caffeic acid,TP53
2699,36250,1360,Benzaldehyde,TP53
2964,36807,1360,4-Allyl-2-methoxy-3-methylphenol,TP53
5,32320,4169,TERPINOLENE,TPSD1
1428,41570,4169,Kaur-16-ene,TPSD1
3087,32574,4169,2-(4-Methyl-3-cyclohexen-1-yl)-2-propanol,TPSD1
181,31611,5198,Skatole,TRHDE
3145,32269,4640,(+/-)-alpha-Pinene,TRHR
879,10237,5577,Phenol,TRNT1
849,10237,1313,Phenol,TRPA1
1895,36170,1313,Eugenol,TRPA1
2363,32774,1313,Carvacrol,TRPA1
3124,7890,1313,(+/-)-Eucalyptol,TRPA1
3118,7890,4554,(+/-)-Eucalyptol,TRPM2
2365,32774,3185,Carvacrol,TRPM7
1941,36170,1312,Eugenol,TRPM8
2374,32774,1312,Carvacrol,TRPM8
3117,7890,1312,(+/-)-Eucalyptol,TRPM8
1574,8786,359,Gamma-Linolenic acid,TRPV1
1897,36170,359,Eugenol,TRPV1
221,10195,5886,Salicylate,TRPV2
2385,32774,5886,Carvacrol,TRPV2
1898,36170,1314,Eugenol,TRPV3
2366,32774,1314,Carvacrol,TRPV3
2389,32774,4634,Carvacrol,TRPV4
217,10195,5885,Salicylate,TRPV5
2734,538,1138,Azelaic acid,trxB
3148,32269,46,(+/-)-alpha-Pinene,TSHR
109,3032,808,Stearic acid,TSPO
652,10237,808,Phenol,TSPO
2575,5525,808,Benzyl alcohol,TSPO
3039,35917,808,2-Methylbutyric acid,TSPO
2269,4373,2416,Coumarin,TST
1228,3283,2785,Naringenin,ttgR
907,10237,3940,Phenol,TTR
1533,8786,3940,Gamma-Linolenic acid,TTR
1367,32747,1126,Methyl (1S,TUBA1A
1374,32747,1790,Methyl (1S,TUBA1B
1369,32747,1789,Methyl (1S,TUBA1C
1366,32747,1786,Methyl (1S,TUBA3D
1364,32747,3392,Methyl (1S,TUBA3E
1371,32747,1137,Methyl (1S,TUBA4A
1370,32747,5140,Methyl (1S,TUBA8
1361,32747,5139,Methyl (1S,TUBAL3
487,10237,3886,Phenol,TXN
1575,8786,3886,Gamma-Linolenic acid,TXN
408,10237,1460,Phenol,TXNRD1
1391,34518,1460,Licochalcone A,TXNRD1
1576,8786,1460,Gamma-Linolenic acid,TXNRD1
1900,36170,1460,Eugenol,TXNRD1
2271,4373,1460,Coumarin,TXNRD1
1901,36170,3445,Eugenol,TXNRD2
1393,34518,3318,Licochalcone A,TYK2
212,10195,2355,Salicylate,TYMP
676,10237,983,Phenol,TYMS
1365,32747,983,Methyl (1S,TYMS
839,10237,681,Phenol,TYR
1085,4006,681,Palmitelaidic acid,TYR
1902,36170,681,Eugenol,TYR
2512,9091,681,Caffeic acid,TYR
2737,538,681,Azelaic acid,TYR
2828,1622,681,4-Methylphenol,TYR
2837,3993,681,4-Hydroxybenzoic acid,TYR
223,10195,4972,Salicylate,UBA52
2426,35084,4517,Calycosin,UBE3A
2833,3993,2032,4-Hydroxybenzoic acid,ubiC
101,3032,4140,Stearic acid,UCP2
409,10237,1082,Phenol,UGCG
1903,36170,549,Eugenol,UGDH
2272,4373,549,Coumarin,UGDH
493,10237,5923,Phenol,UGT1A5
597,10237,3265,Phenol,UGT1A9
1225,34516,3265,Neochanin,UGT1A9
1296,3283,3265,Naringenin,UGT1A9
1909,36170,3265,Eugenol,UGT1A9
821,10237,5917,Phenol,UGT2B10
1953,36170,5917,Eugenol,UGT2B10
222,10195,5920,Salicylate,UGT2B15
621,10237,5920,Phenol,UGT2B15
1297,3283,5920,Naringenin,UGT2B15
1910,36170,5920,Eugenol,UGT2B15
2367,32774,5920,Carvacrol,UGT2B15
3081,32574,5920,2-(4-Methyl-3-cyclohexen-1-yl)-2-propanol,UGT2B15
1911,36170,5914,Eugenol,UGT2B17
234,10195,5922,Salicylate,UGT2B28
1938,36170,5922,Eugenol,UGT2B28
717,10237,5919,Phenol,UGT2B4
720,10237,4868,Phenol,UGT2B7
1946,36170,4868,Eugenol,UGT2B7
2300,4373,4868,Coumarin,UGT2B7
915,10237,2467,Phenol,UMPS
898,10237,3522,Phenol,UNG
649,10237,3371,Phenol,UPP1
889,10237,2851,Phenol,UROD
756,10237,1445,Phenol,VCAM1
1192,32326,1445,Oleanolic acid,VCAM1
2815,1622,1445,4-Methylphenol,VCAM1
1508,42119,39166,hexanol,VCY1B
1912,36170,367,Eugenol,VDR
244,17352,166,Rhein,VEGFA
506,10237,166,Phenol,VEGFA
1658,57137,166,Gallic acid,VEGFA
2427,35084,166,Calycosin,VEGFA
2553,32303,166,Betulinic acid,VEGFA
2275,4373,720,Coumarin,VKORC1
455,10237,5238,Phenol,VLDLR
2320,4373,113,Coumarin,VTN
856,10237,49,Phenol,VWF
2861,3993,528,4-Hydroxybenzoic acid,WARS
2904,3993,526,4-Hydroxybenzoic acid,WARS2
2276,4373,3278,Coumarin,WEE1
1385,34678,1092,Licochalcone B,XDH
1387,34518,1092,Licochalcone A,XDH
1470,34602,1092,iso-Licoflavonol,XDH
2340,34848,1092,Cirsilineol,XDH
2518,9091,1092,Caffeic acid,XDH
2980,53197,1092,4-(5-Hydroxy-6,XDH
1659,57137,2354,Gallic acid,XIAP
2647,36250,2354,Benzaldehyde,XIAP
484,10237,4496,Phenol,XPA
1341,35694,5224,Myristicin,XRCC2
564,10237,5559,Phenol,XRCC6
2026,53911,5559,Cymene,XRCC6
2617,36250,5786,Benzaldehyde,ZNF384
