FO1: TOM formula 1 known to treat Obesity,,,,
Idx,compID,geneID,CompName_afterADMET,GeneSymbol
1,27647,5008,DL-Glutamic acid,AADAC
2,27647,3630,DL-Glutamic acid,AADACL2
3,27647,39114,DL-Glutamic acid,AADACL4
4,27647,177,DL-Glutamic acid,AADAT
5,27647,1694,DL-Glutamic acid,AANAT
6,9038,690,DL-Isoleucine,AARS
7,31783,690,DL-asparagine,AARS
8,27647,434,DL-Glutamic acid,AASS
9,31727,434,Citrulline,AASS
10,27647,178,DL-Glutamic acid,ABAT
11,32016,730,DL-Glutamine,ABCA1
12,32016,727,DL-Glutamine,ABCB1
13,27647,727,DL-Glutamic acid,ABCB1
14,32016,5900,DL-Glutamine,ABCC11
15,27647,746,DL-Glutamic acid,ABCC8
16,32016,3338,DL-Glutamine,ABCG2
17,8660,5005,DL-Proline,ABHD5
18,31783,5005,DL-asparagine,ABHD5
19,32016,751,DL-Glutamine,ABL1
20,9038,5099,DL-Isoleucine,ACAA1
21,9038,5097,DL-Isoleucine,ACAA2
22,9038,267,DL-Isoleucine,ACACB
23,27647,267,DL-Glutamic acid,ACACB
24,31783,267,DL-asparagine,ACACB
25,9038,717,DL-Isoleucine,ACADSB
26,9038,1296,DL-Isoleucine,ACAT1
27,32016,2628,DL-Glutamine,ACCS
28,27647,2628,DL-Glutamic acid,ACCS
29,32016,39139,DL-Glutamine,ACCSL
30,27647,39139,DL-Glutamic acid,ACCSL
31,8660,778,DL-Proline,ACE
32,32016,778,DL-Glutamine,ACE
33,27647,778,DL-Glutamic acid,ACE
34,27647,272,DL-Glutamic acid,ACHE
35,27647,4563,DL-Glutamic acid,ACLY
36,27647,5805,DL-Glutamic acid,ACO1
37,32016,1632,DL-Glutamine,ACO2
38,27647,1632,DL-Glutamic acid,ACO2
39,8660,2737,DL-Proline,ACPP
40,32016,2737,DL-Glutamine,ACPP
41,27647,2737,DL-Glutamic acid,ACPP
42,31783,2737,DL-asparagine,ACPP
43,27647,349,DL-Glutamic acid,ACSS2
44,32016,2350,DL-Glutamine,ACTA1
45,31783,2350,DL-asparagine,ACTA1
46,32016,1144,DL-Glutamine,ADA
47,27647,1144,DL-Glutamic acid,ADA
48,32016,3358,DL-Glutamine,ADAM10
49,32016,3515,DL-Glutamine,ADAM17
50,27647,5669,DL-Glutamic acid,ADAMTS2
51,27647,5586,DL-Glutamic acid,ADAR
52,32016,2333,DL-Glutamine,ADCY2
53,27647,2333,DL-Glutamic acid,ADCY2
54,31783,2333,DL-asparagine,ADCY2
55,27647,4804,DL-Glutamic acid,ADCY8
56,32016,5294,DL-Glutamine,ADGRB1
57,9038,550,DL-Isoleucine,ADH1A
58,9038,554,DL-Isoleucine,ADH1B
59,9038,552,DL-Isoleucine,ADH4
60,9038,558,DL-Isoleucine,ADH5
61,9038,555,DL-Isoleucine,ADH7
62,27647,839,DL-Glutamic acid,ADORA1
63,32016,840,DL-Glutamine,ADORA2A
64,27647,840,DL-Glutamic acid,ADORA2A
65,27647,3863,DL-Glutamic acid,ADORA3
66,31783,788,DL-asparagine,ADRB1
67,9038,5107,DL-Isoleucine,ADSL
68,31727,4381,Citrulline,AFP
69,31783,5652,DL-asparagine,AGAP2
70,32016,5514,DL-Glutamine,AGO2
71,27647,4145,DL-Glutamic acid,AGRP
72,32016,3411,DL-Glutamine,AGT
73,27647,3411,DL-Glutamic acid,AGT
74,27647,195,DL-Glutamic acid,AGXT
75,32016,1048,DL-Glutamine,AHR
76,31783,4273,DL-asparagine,AHSG
77,32016,2563,DL-Glutamine,AIFM1
78,27647,2563,DL-Glutamic acid,AIFM1
79,9038,738,DL-Isoleucine,AKT1
80,32016,738,DL-Glutamine,AKT1
81,27647,738,DL-Glutamic acid,AKT1
82,31783,738,DL-asparagine,AKT1
83,31727,738,Citrulline,AKT1
84,32016,3628,DL-Glutamine,AKT2
85,32016,1331,DL-Glutamine,ALAD
86,27647,1331,DL-Glutamic acid,ALAD
87,8660,4730,DL-Proline,ALB
88,9038,4730,DL-Isoleucine,ALB
89,32016,4730,DL-Glutamine,ALB
90,27647,4730,DL-Glutamic acid,ALB
91,31783,4730,DL-asparagine,ALB
92,31727,4730,Citrulline,ALB
93,8660,446,DL-Proline,ALDH18A1
94,9038,446,DL-Isoleucine,ALDH18A1
95,32016,446,DL-Glutamine,ALDH18A1
96,27647,446,DL-Glutamic acid,ALDH18A1
97,8660,605,DL-Proline,ALDH1A1
98,27647,605,DL-Glutamic acid,ALDH1A1
99,8660,612,DL-Proline,ALDH1A2
100,27647,612,DL-Glutamic acid,ALDH1A2
101,8660,608,DL-Proline,ALDH1A3
102,27647,608,DL-Glutamic acid,ALDH1A3
103,8660,609,DL-Proline,ALDH1B1
104,27647,609,DL-Glutamic acid,ALDH1B1
105,8660,234,DL-Proline,ALDH1L1
106,27647,234,DL-Glutamic acid,ALDH1L1
107,8660,598,DL-Proline,ALDH2
108,27647,598,DL-Glutamic acid,ALDH2
109,8660,604,DL-Proline,ALDH3A1
110,27647,604,DL-Glutamic acid,ALDH3A1
111,8660,613,DL-Proline,ALDH3A2
112,27647,613,DL-Glutamic acid,ALDH3A2
113,8660,602,DL-Proline,ALDH3B2
114,27647,602,DL-Glutamic acid,ALDH3B2
115,8660,628,DL-Proline,ALDH4A1
116,32016,628,DL-Glutamine,ALDH4A1
117,27647,628,DL-Glutamic acid,ALDH4A1
118,31783,628,DL-asparagine,ALDH4A1
119,8660,386,DL-Proline,ALDH5A1
120,27647,386,DL-Glutamic acid,ALDH5A1
121,8660,603,DL-Proline,ALDH6A1
122,27647,603,DL-Glutamic acid,ALDH6A1
123,8660,614,DL-Proline,ALDH7A1
124,27647,614,DL-Glutamic acid,ALDH7A1
125,8660,607,DL-Proline,ALDH9A1
126,27647,607,DL-Glutamic acid,ALDH9A1
127,9038,2293,DL-Isoleucine,ALDOA
128,9038,2294,DL-Isoleucine,ALDOB
129,32016,731,DL-Glutamine,ALK
130,9038,4778,DL-Isoleucine,ALOX12B
131,9038,4188,DL-Isoleucine,ALOX15B
132,27647,707,DL-Glutamic acid,ALOX5
133,9038,4777,DL-Isoleucine,ALOXE3
134,8660,4715,DL-Proline,ALPL
135,9038,4715,DL-Isoleucine,ALPL
136,32016,4715,DL-Glutamine,ALPL
137,27647,4715,DL-Glutamic acid,ALPL
138,31783,4715,DL-asparagine,ALPL
139,8660,3751,DL-Proline,ALPP
140,9038,3751,DL-Isoleucine,ALPP
141,32016,3751,DL-Glutamine,ALPP
142,27647,3751,DL-Glutamic acid,ALPP
143,31783,3751,DL-asparagine,ALPP
144,8660,1322,DL-Proline,ALPPL2
145,9038,1322,DL-Isoleucine,ALPPL2
146,32016,1322,DL-Glutamine,ALPPL2
147,27647,1322,DL-Glutamic acid,ALPPL2
148,31783,1322,DL-asparagine,ALPPL2
149,32016,2531,DL-Glutamine,ANG
150,27647,39184,DL-Glutamic acid,ANKRD45
151,27647,1366,DL-Glutamic acid,ANPEP
152,32016,77,DL-Glutamine,ANXA2
153,32016,2284,DL-Glutamine,ANXA5
154,27647,1174,DL-Glutamic acid,AOC1
155,32016,1271,DL-Glutamine,AOC3
156,32016,2795,DL-Glutamine,AOX1
157,32016,740,DL-Glutamine,APAF1
158,27647,740,DL-Glutamic acid,APAF1
159,8660,1557,DL-Proline,APCS
160,8660,4661,DL-Proline,APOA1
161,32016,4661,DL-Glutamine,APOA1
162,32016,3941,DL-Glutamine,APOB
163,32016,124,DL-Glutamine,APOE
164,27647,124,DL-Glutamic acid,APOE
165,9038,2093,DL-Isoleucine,APP
166,32016,2093,DL-Glutamine,APP
167,27647,2093,DL-Glutamic acid,APP
168,31783,5092,DL-asparagine,AQP2
169,32016,1042,DL-Glutamine,AR
170,27647,1042,DL-Glutamic acid,AR
171,8660,2436,DL-Proline,ARF1
172,8660,332,DL-Proline,ARG1
173,9038,332,DL-Isoleucine,ARG1
174,27647,332,DL-Glutamic acid,ARG1
175,31783,332,DL-asparagine,ARG1
176,31727,332,Citrulline,ARG1
177,8660,286,DL-Proline,ARG2
178,9038,286,DL-Isoleucine,ARG2
179,27647,286,DL-Glutamic acid,ARG2
180,31783,286,DL-asparagine,ARG2
181,31727,286,Citrulline,ARG2
182,27647,1712,DL-Glutamic acid,ARSA
183,32016,284,DL-Glutamine,ASL
184,27647,284,DL-Glutamic acid,ASL
185,31727,284,Citrulline,ASL
186,27647,1416,DL-Glutamic acid,ASMT
187,32016,318,DL-Glutamine,ASNS
188,27647,318,DL-Glutamic acid,ASNS
189,31783,318,DL-asparagine,ASNS
190,31783,322,DL-asparagine,ASPH
191,32016,5405,DL-Glutamine,ASPN
192,31783,5405,DL-asparagine,ASPN
193,32016,328,DL-Glutamine,ASRGL1
194,27647,328,DL-Glutamic acid,ASRGL1
195,31783,328,DL-asparagine,ASRGL1
196,32016,287,DL-Glutamine,ASS1
197,27647,287,DL-Glutamic acid,ASS1
198,31727,287,Citrulline,ASS1
199,31783,5867,DL-asparagine,ATF6B
200,32016,235,DL-Glutamine,ATIC
201,27647,235,DL-Glutamic acid,ATIC
202,32016,848,DL-Glutamine,ATM
203,27647,848,DL-Glutamic acid,ATM
204,27647,4182,DL-Glutamic acid,ATP1A2
205,27647,3072,DL-Glutamic acid,ATP5A1
206,32016,3073,DL-Glutamine,ATP5B
207,32016,2266,DL-Glutamine,AURKA
208,27647,4196,DL-Glutamic acid,AVP
209,32016,3219,DL-Glutamine,AXIN1
210,31727,188,Citrulline,AZIN2
211,8660,2403,DL-Proline,B2M
212,9038,2403,DL-Isoleucine,B2M
213,32016,2403,DL-Glutamine,B2M
214,27647,2403,DL-Glutamic acid,B2M
215,31783,2403,DL-asparagine,B2M
216,31727,2403,Citrulline,B2M
217,32016,1591,DL-Glutamine,B3GAT1
218,32016,2165,DL-Glutamine,BACE1
219,27647,2165,DL-Glutamic acid,BACE1
220,32016,4943,DL-Glutamine,BAX
221,27647,4943,DL-Glutamic acid,BAX
222,9038,199,DL-Isoleucine,BCAT1
223,27647,199,DL-Glutamic acid,BCAT1
224,9038,200,DL-Isoleucine,BCAT2
225,27647,200,DL-Glutamic acid,BCAT2
226,27647,275,DL-Glutamic acid,BCHE
227,9038,5816,DL-Isoleucine,BCKDHA
228,32016,5816,DL-Glutamine,BCKDHA
229,27647,5816,DL-Glutamic acid,BCKDHA
230,9038,5842,DL-Isoleucine,BCKDHB
231,27647,5842,DL-Glutamic acid,BCKDHB
232,32016,1404,DL-Glutamine,BCL2
233,27647,1404,DL-Glutamic acid,BCL2
234,32016,3530,DL-Glutamine,BCL2L1
235,27647,3530,DL-Glutamic acid,BCL2L1
236,9038,3481,DL-Isoleucine,BCR
237,32016,3481,DL-Glutamine,BCR
238,32016,3373,DL-Glutamine,BDNF
239,27647,3373,DL-Glutamic acid,BDNF
240,27647,5446,DL-Glutamic acid,BGN
241,32016,3391,DL-Glutamine,BIRC5
242,27647,3391,DL-Glutamic acid,BIRC5
243,27647,4576,DL-Glutamic acid,BMP1
244,8660,2726,DL-Proline,BPHL
245,32016,5225,DL-Glutamine,BRCA1
246,32016,4602,DL-Glutamine,BRCA2
247,32016,1774,DL-Glutamine,BTK
248,27647,9,DL-Glutamic acid,C1S
249,32016,910,DL-Glutamine,CA2
250,27647,910,DL-Glutamic acid,CA2
251,27647,911,DL-Glutamic acid,CA4
252,31783,1155,DL-asparagine,CA9
253,32016,890,DL-Glutamine,CACNA1A
254,27647,890,DL-Glutamic acid,CACNA1A
255,27647,1050,DL-Glutamic acid,CACNA1B
256,27647,954,DL-Glutamic acid,CACNA1C
257,27647,959,DL-Glutamic acid,CACNA1D
258,27647,4177,DL-Glutamic acid,CACNA1E
259,27647,1060,DL-Glutamic acid,CACNA1F
260,27647,1026,DL-Glutamic acid,CACNA1G
261,27647,957,DL-Glutamic acid,CACNA1H
262,32016,960,DL-Glutamine,CACNA1S
263,27647,960,DL-Glutamic acid,CACNA1S
264,32016,324,DL-Glutamine,CAD
265,27647,324,DL-Glutamic acid,CAD
266,31783,324,DL-asparagine,CAD
267,31727,324,Citrulline,CAD
268,32016,4926,DL-Glutamine,CADM1
269,27647,3340,DL-Glutamic acid,CALCA
270,9038,1108,DL-Isoleucine,CALM1
271,32016,1108,DL-Glutamine,CALM1
272,27647,1108,DL-Glutamic acid,CALM1
273,31783,1108,DL-asparagine,CALM1
274,31727,1108,Citrulline,CALM1
275,9038,8890,DL-Isoleucine,CALM3
276,32016,8890,DL-Glutamine,CALM3
277,27647,8890,DL-Glutamic acid,CALM3
278,31783,8890,DL-asparagine,CALM3
279,31727,8890,Citrulline,CALM3
280,8660,53,DL-Proline,CALR
281,9038,53,DL-Isoleucine,CALR
282,32016,53,DL-Glutamine,CALR
283,27647,53,DL-Glutamic acid,CALR
284,31783,53,DL-asparagine,CALR
285,27647,3004,DL-Glutamic acid,CAMK2A
286,27647,3533,DL-Glutamic acid,CAMK2B
287,27647,3636,DL-Glutamic acid,CAMK2D
288,27647,3484,DL-Glutamic acid,CAMK2G
289,27647,3600,DL-Glutamic acid,CAMK4
290,31783,2320,DL-asparagine,CAPNS1
291,27647,1839,DL-Glutamic acid,CASK
292,32016,1381,DL-Glutamine,CASP1
293,27647,1381,DL-Glutamic acid,CASP1
294,32016,5788,DL-Glutamine,CASP2
295,32016,1382,DL-Glutamine,CASP3
296,27647,1382,DL-Glutamic acid,CASP3
297,31783,1382,DL-asparagine,CASP3
298,31783,5789,DL-asparagine,CASP4
299,32016,4671,DL-Glutamine,CASP6
300,32016,4256,DL-Glutamine,CASP8
301,27647,4256,DL-Glutamic acid,CASP8
302,32016,4565,DL-Glutamine,CASP9
303,32016,1509,DL-Glutamine,CAST
304,27647,1509,DL-Glutamic acid,CAST
305,8660,1471,DL-Proline,CAT
306,9038,1471,DL-Isoleucine,CAT
307,32016,1471,DL-Glutamine,CAT
308,27647,1471,DL-Glutamic acid,CAT
309,31783,1471,DL-asparagine,CAT
310,31727,1471,Citrulline,CAT
311,32016,4302,DL-Glutamine,CAV1
312,31727,4302,Citrulline,CAV1
313,32016,4421,DL-Glutamine,CBL
314,32016,4301,DL-Glutamine,CBS
315,27647,4301,DL-Glutamic acid,CBS
316,31783,4301,DL-asparagine,CBS
317,32016,182,DL-Glutamine,CCBL1
318,27647,182,DL-Glutamic acid,CCBL1
319,32016,213,DL-Glutamine,CCBL2
320,27647,213,DL-Glutamic acid,CCBL2
321,32016,4235,DL-Glutamine,CCK
322,27647,4235,DL-Glutamic acid,CCK
323,27647,791,DL-Glutamic acid,CCKBR
324,32016,5735,DL-Glutamine,CCL1
325,32016,5734,DL-Glutamine,CCL13
326,32016,5032,DL-Glutamine,CCL17
327,32016,5754,DL-Glutamine,CCL19
328,32016,1408,DL-Glutamine,CCL2
329,27647,1408,DL-Glutamic acid,CCL2
330,32016,5756,DL-Glutamine,CCL20
331,32016,4024,DL-Glutamine,CCL21
332,27647,4024,DL-Glutamic acid,CCL21
333,32016,4325,DL-Glutamine,CCL22
334,32016,2014,DL-Glutamine,CCNA2
335,31727,2014,Citrulline,CCNA2
336,32016,4161,DL-Glutamine,CCNB1
337,32016,1461,DL-Glutamine,CCND1
338,27647,1461,DL-Glutamic acid,CCND1
339,32016,4963,DL-Glutamine,CCND2
340,32016,4959,DL-Glutamine,CCND3
341,32016,4441,DL-Glutamine,CCNE1
342,32016,4968,DL-Glutamine,CCNF
343,32016,4962,DL-Glutamine,CCNH
344,32016,3913,DL-Glutamine,CCR1
345,9038,3389,DL-Isoleucine,CCR2
346,32016,3389,DL-Glutamine,CCR2
347,32016,3909,DL-Glutamine,CCR3
348,8660,3336,DL-Proline,CCR5
349,9038,3336,DL-Isoleucine,CCR5
350,32016,3336,DL-Glutamine,CCR5
351,31783,3336,DL-asparagine,CCR5
352,32016,4023,DL-Glutamine,CCR7
353,32016,4200,DL-Glutamine,CD14
354,32016,3896,DL-Glutamine,CD19
355,32016,145,DL-Glutamine,CD2
356,32016,4481,DL-Glutamine,CD209
357,32016,3353,DL-Glutamine,CD22
358,32016,3985,DL-Glutamine,CD27
359,32016,3957,DL-Glutamine,CD276
360,32016,3910,DL-Glutamine,CD28
361,32016,122,DL-Glutamine,CD33
362,32016,4079,DL-Glutamine,CD36
363,32016,3968,DL-Glutamine,CD38
364,32016,132,DL-Glutamine,CD3D
365,32016,133,DL-Glutamine,CD3E
366,9038,150,DL-Isoleucine,CD4
367,32016,150,DL-Glutamine,CD4
368,27647,150,DL-Glutamic acid,CD4
369,31783,150,DL-asparagine,CD4
370,32016,3905,DL-Glutamine,CD40
371,32016,4201,DL-Glutamine,CD40LG
372,27647,4201,DL-Glutamic acid,CD40LG
373,32016,3798,DL-Glutamine,CD44
374,32016,1099,DL-Glutamine,CD55
375,9038,4507,DL-Isoleucine,CD69
376,32016,4507,DL-Glutamine,CD69
377,32016,3942,DL-Glutamine,CD70
378,32016,4935,DL-Glutamine,CD79A
379,31727,4935,Citrulline,CD79A
380,32016,1493,DL-Glutamine,CD80
381,32016,4914,DL-Glutamine,CD83
382,32016,149,DL-Glutamine,CD86
383,31783,149,DL-asparagine,CD86
384,9038,3442,DL-Isoleucine,CD9
385,32016,3442,DL-Glutamine,CD9
386,27647,3442,DL-Glutamic acid,CD9
387,32016,2616,DL-Glutamine,CDA
388,27647,2616,DL-Glutamic acid,CDA
389,32016,4179,DL-Glutamine,CDC25A
390,32016,4181,DL-Glutamine,CDC25C
391,32016,2352,DL-Glutamine,CDC42
392,27647,2352,DL-Glutamic acid,CDC42
393,31783,2352,DL-asparagine,CDC42
394,27647,5392,DL-Glutamic acid,CDC42BPB
395,32016,4567,DL-Glutamine,CDH1
396,32016,3898,DL-Glutamine,CDH2
397,27647,3898,DL-Glutamic acid,CDH2
398,32016,1113,DL-Glutamine,CDH5
399,32016,1680,DL-Glutamine,CDK2
400,27647,1680,DL-Glutamic acid,CDK2
401,31727,1680,Citrulline,CDK2
402,32016,2400,DL-Glutamine,CDK4
403,27647,2400,DL-Glutamic acid,CDK4
404,32016,1986,DL-Glutamine,CDK5
405,27647,1986,DL-Glutamic acid,CDK5
406,32016,2791,DL-Glutamine,CDK6
407,32016,4376,DL-Glutamine,CDKN1A
408,27647,4376,DL-Glutamic acid,CDKN1A
409,32016,5462,DL-Glutamine,CDKN1B
410,32016,4341,DL-Glutamine,CDKN2A
411,27647,4341,DL-Glutamic acid,CDKN2A
412,27647,534,DL-Glutamic acid,CDO1
413,32016,4251,DL-Glutamine,CEBPB
414,31783,1755,DL-asparagine,CELA1
415,31727,1755,Citrulline,CELA1
416,31783,5163,DL-asparagine,CELA3B
417,27647,3045,DL-Glutamic acid,CFL1
418,32016,4504,DL-Glutamine,CFLAR
419,32016,1332,DL-Glutamine,CFTR
420,27647,1332,DL-Glutamic acid,CFTR
421,27647,4240,DL-Glutamic acid,CGA
422,27647,804,DL-Glutamic acid,CHAT
423,32016,3398,DL-Glutamine,CHEK1
424,31727,3398,Citrulline,CHEK1
425,8660,2539,DL-Proline,CHIT1
426,32016,3579,DL-Glutamine,CHRFAM7A
427,27647,940,DL-Glutamic acid,CHRM4
428,27647,796,DL-Glutamic acid,CHRNA3
429,27647,792,DL-Glutamic acid,CHRNA4
430,32016,793,DL-Glutamine,CHRNA7
431,27647,801,DL-Glutamic acid,CHRNB3
432,27647,802,DL-Glutamic acid,CHRNB4
433,32016,518,DL-Glutamine,CKB
434,27647,518,DL-Glutamic acid,CKB
435,27647,516,DL-Glutamic acid,CKM
436,27647,5730,DL-Glutamic acid,CLCN3
437,27647,5711,DL-Glutamic acid,CLCN4
438,27647,5707,DL-Glutamic acid,CLCN6
439,9038,5544,DL-Isoleucine,CLUH
440,8660,5208,DL-Proline,CNDP2
441,9038,5208,DL-Isoleucine,CNDP2
442,32016,5208,DL-Glutamine,CNDP2
443,27647,5208,DL-Glutamic acid,CNDP2
444,31783,5208,DL-asparagine,CNDP2
445,32016,1105,DL-Glutamine,CNR1
446,27647,1105,DL-Glutamic acid,CNR1
447,27647,1106,DL-Glutamic acid,CNR2
448,32016,4121,DL-Glutamine,CNTF
449,27647,4121,DL-Glutamic acid,CNTF
450,32016,4413,DL-Glutamine,CNTN2
451,27647,4413,DL-Glutamic acid,CNTN2
452,8660,5431,DL-Proline,COL14A1
453,9038,5431,DL-Isoleucine,COL14A1
454,32016,5457,DL-Glutamine,COL18A1
455,27647,5457,DL-Glutamic acid,COL18A1
456,8660,1510,DL-Proline,COMP
457,9038,1510,DL-Isoleucine,COMP
458,27647,244,DL-Glutamic acid,COMT
459,27647,4515,DL-Glutamic acid,COPS5
460,31727,4841,Citrulline,COQ6
461,27647,5769,DL-Glutamic acid,CORT
462,8660,2366,DL-Proline,COX1
463,31962,2368,Trigonelline,COX3
464,9038,2368,DL-Isoleucine,COX3
465,27647,2368,DL-Glutamic acid,COX3
466,32016,2365,DL-Glutamine,COX4I1
467,32016,2369,DL-Glutamine,COX5A
468,27647,2369,DL-Glutamic acid,COX5A
469,27647,5192,DL-Glutamic acid,CPA2
470,32016,70,DL-Glutamine,CPE
471,31783,70,DL-asparagine,CPE
472,31783,5698,DL-asparagine,CPM
473,27647,438,DL-Glutamic acid,CPQ
474,32016,3500,DL-Glutamine,CPS1
475,27647,3500,DL-Glutamic acid,CPS1
476,31727,3500,Citrulline,CPS1
477,32016,4417,DL-Glutamine,CR1
478,32016,342,DL-Glutamine,CREB1
479,27647,342,DL-Glutamic acid,CREB1
480,32016,3781,DL-Glutamine,CREBBP
481,27647,3781,DL-Glutamic acid,CREBBP
482,27647,1495,DL-Glutamic acid,CRH
483,27647,3883,DL-Glutamic acid,CRHR1
484,32016,4272,DL-Glutamine,CRK
485,8660,2945,DL-Proline,CRP
486,32016,2945,DL-Glutamine,CRP
487,31727,2945,Citrulline,CRP
488,9038,1885,DL-Isoleucine,CS
489,32016,1885,DL-Glutamine,CS
490,27647,1885,DL-Glutamic acid,CS
491,31727,1885,Citrulline,CS
492,27647,186,DL-Glutamic acid,CSAD
493,32016,3933,DL-Glutamine,CSF1
494,32016,1194,DL-Glutamine,CSF1R
495,32016,3408,DL-Glutamine,CSF2
496,27647,3408,DL-Glutamic acid,CSF2
497,31783,3408,DL-asparagine,CSF2
498,32016,40,DL-Glutamine,CSF2RA
499,32016,4647,DL-Glutamine,CSF3
500,32016,1958,DL-Glutamine,CSK
501,9038,1836,DL-Isoleucine,CTBP1
502,32016,1836,DL-Glutamine,CTBP1
503,27647,1836,DL-Glutamic acid,CTBP1
504,31783,1836,DL-asparagine,CTBP1
505,32016,3911,DL-Glutamine,CTGF
506,32016,3474,DL-Glutamine,CTLA4
507,32016,2927,DL-Glutamine,CTNNB1
508,27647,2927,DL-Glutamic acid,CTNNB1
509,31783,369,DL-asparagine,CTNS
510,32016,339,DL-Glutamine,CTPS1
511,27647,339,DL-Glutamic acid,CTPS1
512,31783,3976,DL-asparagine,CTSA
513,32016,2019,DL-Glutamine,CTSB
514,27647,2019,DL-Glutamic acid,CTSB
515,31783,2019,DL-asparagine,CTSB
516,32016,4318,DL-Glutamine,CTSC
517,32016,67,DL-Glutamine,CTSD
518,31783,67,DL-asparagine,CTSD
519,31783,2036,DL-asparagine,CTSH
520,32016,2827,DL-Glutamine,CTSL
521,31783,2827,DL-asparagine,CTSL
522,8660,2870,DL-Proline,CTSS
523,9038,2870,DL-Isoleucine,CTSS
524,32016,2870,DL-Glutamine,CTSS
525,27647,2870,DL-Glutamic acid,CTSS
526,31783,2870,DL-asparagine,CTSS
527,27647,837,DL-Glutamic acid,CUBN
528,32016,4422,DL-Glutamine,CXCL1
529,32016,3243,DL-Glutamine,CXCL10
530,32016,3501,DL-Glutamine,CXCL12
531,27647,3501,DL-Glutamic acid,CXCL12
532,32016,5744,DL-Glutamine,CXCL16
533,32016,3447,DL-Glutamine,CXCL8
534,32016,5759,DL-Glutamine,CXCL9
535,9038,1375,DL-Isoleucine,CXCR1
536,32016,1375,DL-Glutamine,CXCR1
537,32016,3887,DL-Glutamine,CXCR2
538,32016,3892,DL-Glutamine,CXCR3
539,32016,1101,DL-Glutamine,CXCR4
540,32016,2968,DL-Glutamine,CYB5A
541,27647,2968,DL-Glutamic acid,CYB5A
542,31727,2968,Citrulline,CYB5A
543,32016,2571,DL-Glutamine,CYB5R1
544,27647,2571,DL-Glutamic acid,CYB5R1
545,31727,2571,Citrulline,CYB5R1
546,32016,629,DL-Glutamine,CYB5R3
547,27647,629,DL-Glutamic acid,CYB5R3
548,31727,629,Citrulline,CYB5R3
549,32016,1383,DL-Glutamine,CYCS
557,9038,3019,DL-Isoleucine,CYTB
558,27647,3019,DL-Glutamic acid,CYTB
559,8660,2455,DL-Proline,DAO
560,9038,2455,DL-Isoleucine,DAO
561,32016,2455,DL-Glutamine,DAO
562,27647,2455,DL-Glutamic acid,DAO
563,8660,320,DL-Proline,DARS
564,9038,320,DL-Isoleucine,DARS
565,32016,320,DL-Glutamine,DARS
566,27647,320,DL-Glutamic acid,DARS
567,31783,320,DL-asparagine,DARS
568,31783,327,DL-asparagine,DARS2
569,32016,1913,DL-Glutamine,DBI
570,27647,2864,DL-Glutamic acid,DCN
571,32016,4497,DL-Glutamine,DCT
572,31783,2451,DL-asparagine,DCXR
573,31727,540,Citrulline,DDAH1
574,31727,539,Citrulline,DDAH2
575,27647,206,DL-Glutamic acid,DDC
576,9038,2771,DL-Isoleucine,DECR1
577,32016,2771,DL-Glutamine,DECR1
578,27647,2771,DL-Glutamic acid,DECR1
579,31783,2771,DL-asparagine,DECR1
580,31727,2771,Citrulline,DECR1
581,27647,4115,DL-Glutamic acid,DHCR24
582,9038,621,DL-Isoleucine,DHFR
583,32016,621,DL-Glutamine,DHFR
584,27647,621,DL-Glutamic acid,DHFR
585,31783,621,DL-asparagine,DHFR
586,32016,697,DL-Glutamine,DHRS4
587,27647,697,DL-Glutamic acid,DHRS4
588,32016,39138,DL-Glutamine,DHRS4L2
589,27647,39138,DL-Glutamic acid,DHRS4L2
590,32016,4607,DL-Glutamine,DIABLO
591,32016,4682,DL-Glutamine,DICER1
592,27647,676,DL-Glutamic acid,DLAT
593,9038,664,DL-Isoleucine,DLD
594,27647,664,DL-Glutamic acid,DLD
595,27647,5843,DL-Glutamic acid,DLST
596,27647,1872,DL-Glutamic acid,DMPK
597,32016,4553,DL-Glutamine,DNAJB1
598,32016,4467,DL-Glutamine,DNASE1
599,32016,1359,DL-Glutamine,DNMT1
600,32016,4597,DL-Glutamine,DNMT3B
601,9038,436,DL-Isoleucine,DNPEP
602,27647,436,DL-Glutamic acid,DNPEP
603,9038,2072,DL-Isoleucine,DNTT
604,32016,2072,DL-Glutamine,DNTT
605,27647,2072,DL-Glutamic acid,DNTT
606,8660,1418,DL-Proline,DPP4
607,27647,1418,DL-Glutamic acid,DPP4
608,32016,2125,DL-Glutamine,DPYD
609,27647,2125,DL-Glutamic acid,DPYD
610,31783,2125,DL-asparagine,DPYD
611,31783,5089,DL-asparagine,DPYS
612,31727,5089,Citrulline,DPYS
613,32016,789,DL-Glutamine,DRD2
614,27647,789,DL-Glutamic acid,DRD2
615,27647,934,DL-Glutamic acid,DRD3
616,27647,935,DL-Glutamic acid,DRD4
617,27647,3039,DL-Glutamic acid,DSTN
618,32016,2746,DL-Glutamine,DUT
619,27647,2746,DL-Glutamic acid,DUT
620,9038,3534,DL-Isoleucine,ECE1
621,9038,4156,DL-Isoleucine,ECE2
622,31727,3443,Citrulline,EDN1
623,9038,1149,DL-Isoleucine,EDNRB
624,32016,1149,DL-Glutamine,EDNRB
625,32016,2491,DL-Glutamine,EEA1
626,32016,1993,DL-Glutamine,EEF2
627,27647,1993,DL-Glutamic acid,EEF2
628,32016,2,DL-Glutamine,EGFR
629,27647,2,DL-Glutamic acid,EGFR
630,31783,2,DL-asparagine,EGFR
631,31783,306,DL-asparagine,EGLN1
632,31783,303,DL-asparagine,EGLN2
633,31783,309,DL-asparagine,EGLN3
634,32016,5813,DL-Glutamine,EGR1
635,27647,5813,DL-Glutamic acid,EGR1
636,32016,4056,DL-Glutamine,EIF2AK2
637,32016,5521,DL-Glutamine,EIF2S1
638,32016,5511,DL-Glutamine,EIF3I
639,27647,5511,DL-Glutamic acid,EIF3I
640,31783,5511,DL-asparagine,EIF3I
641,9038,1556,DL-Isoleucine,EIF4E
642,32016,1556,DL-Glutamine,EIF4E
643,8660,4039,DL-Proline,EIF4EBP1
644,9038,4039,DL-Isoleucine,EIF4EBP1
645,32016,4039,DL-Glutamine,EIF4EBP1
646,32016,5543,DL-Glutamine,EIF4G1
647,27647,5546,DL-Glutamic acid,EIF4G2
648,32016,39,DL-Glutamine,ELANE
649,32016,4473,DL-Glutamine,ELAVL1
650,32016,1130,DL-Glutamine,ELN
651,9038,3996,DL-Isoleucine,ENG
652,32016,3996,DL-Glutamine,ENG
653,9038,2396,DL-Isoleucine,ENO2
654,32016,2396,DL-Glutamine,ENO2
655,27647,2396,DL-Glutamic acid,ENO2
656,27647,423,DL-Glutamic acid,ENPEP
657,27647,1304,DL-Glutamic acid,ENPP1
658,32016,5827,DL-Glutamine,EP300
659,27647,5373,DL-Glutamic acid,EPHA1
660,27647,5364,DL-Glutamic acid,EPHA4
661,27647,3182,DL-Glutamic acid,EPHB2
662,27647,5363,DL-Glutamic acid,EPHB3
663,8660,5562,DL-Proline,EPHX1
664,8660,1971,DL-Proline,EPHX2
665,9038,28,DL-Isoleucine,EPOR
666,32016,28,DL-Glutamine,EPOR
667,27647,28,DL-Glutamic acid,EPOR
668,8660,414,DL-Proline,EPRS
669,9038,414,DL-Isoleucine,EPRS
670,32016,414,DL-Glutamine,EPRS
671,27647,414,DL-Glutamic acid,EPRS
672,8660,4522,DL-Proline,ERAP1
673,9038,4522,DL-Isoleucine,ERAP1
674,32016,4522,DL-Glutamine,ERAP1
675,27647,4522,DL-Glutamic acid,ERAP1
676,31783,4522,DL-asparagine,ERAP1
677,32016,130,DL-Glutamine,ERBB2
678,32016,4653,DL-Glutamine,ERBB3
679,32016,3835,DL-Glutamine,ERBB4
680,27647,3835,DL-Glutamic acid,ERBB4
681,32016,3552,DL-Glutamine,ERN1
682,32016,947,DL-Glutamine,ESR1
683,27647,947,DL-Glutamic acid,ESR1
684,27647,948,DL-Glutamic acid,ESR2
685,32016,4176,DL-Glutamine,ETS1
686,9038,5371,DL-Isoleucine,ETV6
687,32016,47,DL-Glutamine,F10
688,8660,3498,DL-Proline,F12
689,32016,1746,DL-Glutamine,F13A1
690,9038,1,DL-Isoleucine,F2
691,32016,1,DL-Glutamine,F2
692,27647,1,DL-Glutamic acid,F2
693,31783,1,DL-asparagine,F2
694,32016,138,DL-Glutamine,F2R
695,32016,88,DL-Glutamine,F3
696,32016,115,DL-Glutamine,F5
697,32016,114,DL-Glutamine,F8
698,32016,1177,DL-Glutamine,FAAH
699,27647,1177,DL-Glutamic acid,FAAH
700,31783,1177,DL-asparagine,FAAH
701,32016,4042,DL-Glutamine,FAAH2
702,31783,4042,DL-asparagine,FAAH2
703,32016,5085,DL-Glutamine,FABP3
704,27647,5085,DL-Glutamic acid,FABP3
705,27647,5086,DL-Glutamic acid,FABP7
706,32016,4665,DL-Glutamine,FAS
707,32016,4268,DL-Glutamine,FASLG
708,32016,1394,DL-Glutamine,FASN
709,27647,354,DL-Glutamic acid,FBP1
710,8660,13,DL-Proline,FCGR2C
711,9038,4278,DL-Isoleucine,FCGRT
712,32016,1215,DL-Glutamine,FDX1
713,32016,2572,DL-Glutamine,FDXR
714,27647,2572,DL-Glutamic acid,FDXR
715,31783,2572,DL-asparagine,FDXR
716,27647,5374,DL-Glutamic acid,FES
717,31783,688,DL-asparagine,FFAR1
718,8660,24,DL-Proline,FGA
719,32016,1227,DL-Glutamine,FGF1
720,27647,1227,DL-Glutamic acid,FGF1
721,32016,1037,DL-Glutamine,FGF2
722,27647,1037,DL-Glutamic acid,FGF2
723,32016,1228,DL-Glutamine,FGF4
724,32016,92,DL-Glutamine,FGFR1
725,32016,90,DL-Glutamine,FGFR2
726,27647,5910,DL-Glutamic acid,FH
727,9038,4577,DL-Isoleucine,FKBP4
728,32016,4237,DL-Glutamine,FLNA
729,32016,1071,DL-Glutamine,FLT1
730,32016,1068,DL-Glutamine,FLT3
731,32016,3820,DL-Glutamine,FN1
732,27647,3820,DL-Glutamic acid,FN1
733,31783,3820,DL-asparagine,FN1
734,27647,140,DL-Glutamic acid,FOLH1
735,27647,3405,DL-Glutamic acid,FOLR1
736,32016,3796,DL-Glutamine,FOS
737,27647,3796,DL-Glutamic acid,FOS
738,27647,5909,DL-Glutamic acid,FOSB
739,32016,4620,DL-Glutamine,FOXM1
740,32016,4126,DL-Glutamine,FOXO1
741,27647,422,DL-Glutamic acid,FPGS
742,32016,4468,DL-Glutamine,FSCN1
743,31783,78,DL-asparagine,FSHR
744,27647,202,DL-Glutamic acid,FTCD
745,32016,1335,DL-Glutamine,FTH1
746,27647,1335,DL-Glutamic acid,FTH1
747,32016,1336,DL-Glutamine,FTL
748,27647,1336,DL-Glutamic acid,FTL
749,9038,2813,DL-Isoleucine,FURIN
750,32016,2813,DL-Glutamine,FURIN
751,27647,2813,DL-Glutamic acid,FURIN
752,31783,2813,DL-asparagine,FURIN
753,32016,1481,DL-Glutamine,FYN
754,27647,1481,DL-Glutamic acid,FYN
755,32016,2524,DL-Glutamine,G6PD
756,27647,2524,DL-Glutamic acid,G6PD
757,27647,780,DL-Glutamic acid,GABBR1
758,27647,896,DL-Glutamic acid,GABRB1
759,27647,897,DL-Glutamic acid,GABRB2
760,27647,898,DL-Glutamic acid,GABRB3
761,27647,902,DL-Glutamic acid,GABRD
762,27647,899,DL-Glutamic acid,GABRG1
763,27647,900,DL-Glutamic acid,GABRG2
764,27647,904,DL-Glutamic acid,GABRP
765,27647,905,DL-Glutamic acid,GABRR1
766,27647,906,DL-Glutamic acid,GABRR2
767,27647,169,DL-Glutamic acid,GAD1
768,27647,4493,DL-Glutamic acid,GAL
769,31783,4578,DL-asparagine,GALR2
770,31783,1117,DL-asparagine,GANAB
771,31783,1118,DL-asparagine,GANC
772,27647,5890,DL-Glutamic acid,GAP43
773,32016,611,DL-Glutamine,GAPDH
774,27647,611,DL-Glutamic acid,GAPDH
775,31783,611,DL-asparagine,GAPDH
776,31727,611,Citrulline,GAPDH
777,32016,606,DL-Glutamine,GAPDHS
778,27647,606,DL-Glutamic acid,GAPDHS
779,27647,500,DL-Glutamic acid,GARS
780,32016,1212,DL-Glutamine,GART
781,27647,1212,DL-Glutamic acid,GART
782,9038,4423,DL-Isoleucine,GATA3
783,31783,4423,DL-asparagine,GATA3
784,8660,4283,DL-Proline,GATA4
785,9038,4283,DL-Isoleucine,GATA4
786,32016,4283,DL-Glutamine,GATA4
787,27647,4283,DL-Glutamic acid,GATA4
788,31783,4283,DL-asparagine,GATA4
789,32016,412,DL-Glutamine,GATB
790,27647,412,DL-Glutamic acid,GATB
791,31783,412,DL-asparagine,GATB
792,31727,2164,Citrulline,GCH1
793,32016,2166,DL-Glutamine,GCK
794,27647,2166,DL-Glutamic acid,GCK
795,31962,417,Trigonelline,GCLC
796,27647,417,DL-Glutamic acid,GCLC
797,27647,442,DL-Glutamic acid,GCLM
798,32016,3378,DL-Glutamine,GDNF
799,27647,3378,DL-Glutamic acid,GDNF
800,32016,5887,DL-Glutamine,GFAP
801,27647,5887,DL-Glutamic acid,GFAP
802,27647,2575,DL-Glutamic acid,GFER
803,31783,2575,DL-asparagine,GFER
804,32016,5240,DL-Glutamine,GFPT1
805,27647,5240,DL-Glutamic acid,GFPT1
806,32016,5231,DL-Glutamine,GFPT2
807,27647,5231,DL-Glutamic acid,GFPT2
808,27647,86,DL-Glutamic acid,GGCX
809,27647,4319,DL-Glutamic acid,GGH
810,27647,5188,DL-Glutamic acid,GGT5
811,27647,5189,DL-Glutamic acid,GGT7
812,32016,109,DL-Glutamine,GHR
813,27647,4324,DL-Glutamic acid,GHRL
814,27647,5766,DL-Glutamic acid,GIF
815,32016,1444,DL-Glutamine,GJA1
816,27647,1444,DL-Glutamic acid,GJA1
817,27647,3365,DL-Glutamic acid,GLA
818,27647,191,DL-Glutamic acid,GLDC
819,27647,511,DL-Glutamic acid,GLRA1
820,27647,514,DL-Glutamic acid,GLRA2
821,27647,513,DL-Glutamic acid,GLRA3
822,27647,4045,DL-Glutamic acid,GLRA4
823,27647,512,DL-Glutamic acid,GLRB
824,32016,413,DL-Glutamine,GLS
825,27647,413,DL-Glutamic acid,GLS
826,31783,413,DL-asparagine,GLS
827,31727,413,Citrulline,GLS
828,32016,435,DL-Glutamine,GLS2
829,27647,435,DL-Glutamic acid,GLS2
830,31783,435,DL-asparagine,GLS2
831,31727,435,Citrulline,GLS2
832,27647,2244,DL-Glutamic acid,GLTP
833,32016,439,DL-Glutamine,GLUD1
834,27647,439,DL-Glutamic acid,GLUD1
835,32016,419,DL-Glutamine,GLUD2
836,27647,419,DL-Glutamic acid,GLUD2
837,8660,420,DL-Proline,GMPS
838,32016,420,DL-Glutamine,GMPS
839,27647,420,DL-Glutamic acid,GMPS
840,9038,3145,DL-Isoleucine,GNAI1
841,32016,3145,DL-Glutamine,GNAI1
842,9038,5879,DL-Isoleucine,GNAI2
843,32016,5879,DL-Glutamine,GNAI2
844,27647,5879,DL-Glutamic acid,GNAI2
845,31783,5879,DL-asparagine,GNAI2
846,9038,5868,DL-Isoleucine,GNAI3
847,32016,5868,DL-Glutamine,GNAI3
848,32016,5871,DL-Glutamine,GNAT2
849,27647,3618,DL-Glutamic acid,GNB1
850,27647,5883,DL-Glutamic acid,GNB3
851,27647,1457,DL-Glutamic acid,GNG2
852,27647,240,DL-Glutamic acid,GNMT
853,32016,5824,DL-Glutamine,GNPNAT1
854,27647,5824,DL-Glutamic acid,GNPNAT1
855,32016,174,DL-Glutamine,GOT1
856,27647,174,DL-Glutamic acid,GOT1
857,32016,203,DL-Glutamine,GOT2
858,27647,203,DL-Glutamic acid,GOT2
859,8660,556,DL-Proline,GPD1
860,27647,1954,DL-Glutamic acid,GPI
861,27647,4047,DL-Glutamic acid,GPR55
862,32016,192,DL-Glutamine,GPT
863,27647,192,DL-Glutamic acid,GPT
864,32016,217,DL-Glutamine,GPT2
865,27647,217,DL-Glutamic acid,GPT2
866,32016,482,DL-Glutamine,GPX1
867,27647,482,DL-Glutamic acid,GPX1
868,8660,483,DL-Proline,GPX2
869,32016,459,DL-Glutamine,GPX4
870,27647,459,DL-Glutamic acid,GPX4
871,32016,486,DL-Glutamine,GPX5
872,27647,486,DL-Glutamic acid,GPX5
873,27647,465,DL-Glutamic acid,GPX7
874,32016,123,DL-Glutamine,GRB2
875,31783,123,DL-asparagine,GRB2
876,9038,441,DL-Isoleucine,GRIA1
877,32016,441,DL-Glutamine,GRIA1
878,27647,441,DL-Glutamic acid,GRIA1
879,32016,443,DL-Glutamine,GRIA2
880,27647,443,DL-Glutamic acid,GRIA2
881,32016,445,DL-Glutamine,GRIA4
882,27647,445,DL-Glutamic acid,GRIA4
883,27647,410,DL-Glutamic acid,GRID2
884,32016,440,DL-Glutamine,GRIK1
885,27647,440,DL-Glutamic acid,GRIK1
886,27647,447,DL-Glutamic acid,GRIK2
887,27647,448,DL-Glutamic acid,GRIK3
888,27647,403,DL-Glutamic acid,GRIK5
889,27647,421,DL-Glutamic acid,GRIN1
890,27647,424,DL-Glutamic acid,GRIN2A
891,27647,426,DL-Glutamic acid,GRIN2C
892,27647,409,DL-Glutamic acid,GRIN2D
893,27647,431,DL-Glutamic acid,GRIN3A
894,27647,411,DL-Glutamic acid,GRIN3B
895,27647,400,DL-Glutamic acid,GRM1
896,27647,3383,DL-Glutamic acid,GRM2
897,27647,3384,DL-Glutamic acid,GRM3
898,27647,401,DL-Glutamic acid,GRM4
899,27647,1219,DL-Glutamic acid,GRM5
900,27647,5465,DL-Glutamic acid,GRM6
901,27647,404,DL-Glutamic acid,GRM7
902,27647,405,DL-Glutamic acid,GRM8
903,32016,1502,DL-Glutamine,GSK3B
904,27647,1502,DL-Glutamic acid,GSK3B
905,8660,2351,DL-Proline,GSN
906,32016,2351,DL-Glutamine,GSN
907,27647,2351,DL-Glutamic acid,GSN
908,31783,2351,DL-asparagine,GSN
909,32016,3149,DL-Glutamine,GSPT1
910,31783,3149,DL-asparagine,GSPT1
911,32016,471,DL-Glutamine,GSR
912,27647,471,DL-Glutamic acid,GSR
913,27647,472,DL-Glutamic acid,GSS
914,9038,452,DL-Isoleucine,GSTA1
915,32016,452,DL-Glutamine,GSTA1
916,27647,452,DL-Glutamic acid,GSTA1
917,9038,453,DL-Isoleucine,GSTA2
918,32016,453,DL-Glutamine,GSTA2
919,27647,453,DL-Glutamic acid,GSTA2
920,9038,475,DL-Isoleucine,GSTA3
921,32016,475,DL-Glutamine,GSTA3
922,27647,475,DL-Glutamic acid,GSTA3
923,9038,477,DL-Isoleucine,GSTA4
924,32016,477,DL-Glutamine,GSTA4
925,27647,477,DL-Glutamic acid,GSTA4
926,27647,479,DL-Glutamic acid,GSTA5
927,9038,473,DL-Isoleucine,GSTM1
928,27647,473,DL-Glutamic acid,GSTM1
929,27647,457,DL-Glutamic acid,GSTM2
930,27647,476,DL-Glutamic acid,GSTM3
931,27647,478,DL-Glutamic acid,GSTM4
932,27647,460,DL-Glutamic acid,GSTM5
933,32016,481,DL-Glutamine,GSTO1
934,27647,481,DL-Glutamic acid,GSTO1
935,31783,481,DL-asparagine,GSTO1
936,32016,467,DL-Glutamine,GSTO2
937,27647,467,DL-Glutamic acid,GSTO2
938,31783,467,DL-asparagine,GSTO2
939,9038,480,DL-Isoleucine,GSTP1
940,27647,480,DL-Glutamic acid,GSTP1
941,32016,485,DL-Glutamine,GSTZ1
942,27647,485,DL-Glutamic acid,GSTZ1
943,31783,485,DL-asparagine,GSTZ1
944,31727,1090,Citrulline,GUCY1A2
945,31727,4735,Citrulline,GUCY1B3
946,27647,3825,DL-Glutamic acid,GUCY2C
947,31727,3825,Citrulline,GUCY2C
948,9038,5913,DL-Isoleucine,GUSB
949,32016,5913,DL-Glutamine,GUSB
950,27647,5913,DL-Glutamic acid,GUSB
951,31783,5913,DL-asparagine,GUSB
952,32016,5160,DL-Glutamine,GZMA
953,9038,5150,DL-Isoleucine,GZMB
954,32016,5150,DL-Glutamine,GZMB
955,31727,5150,Citrulline,GZMB
956,31727,5149,Citrulline,GZMH
957,32016,5764,DL-Glutamine,H2AFX
958,9038,569,DL-Isoleucine,HADH
959,32016,239,DL-Glutamine,HAL
960,27647,239,DL-Glutamic acid,HAL
961,32016,5095,DL-Glutamine,HAP1
962,27647,5095,DL-Glutamic acid,HAP1
963,32016,3967,DL-Glutamine,HBEGF
964,32016,1718,DL-Glutamine,HCK
965,8660,2132,DL-Proline,HCN2
966,32016,2132,DL-Glutamine,HCN2
967,27647,2132,DL-Glutamic acid,HCN2
968,8660,5593,DL-Proline,HCN3
969,32016,5593,DL-Glutamine,HCN3
970,27647,5593,DL-Glutamic acid,HCN3
971,27647,2529,DL-Glutamic acid,HCRT
972,32016,2306,DL-Glutamine,HDAC1
973,32016,2308,DL-Glutamine,HDAC6
974,32016,1000,DL-Glutamine,HDAC9
975,31783,2448,DL-asparagine,HEXB
976,27647,573,DL-Glutamic acid,HIBADH
977,32016,1447,DL-Glutamine,HIF1A
978,31783,1447,DL-asparagine,HIF1A
979,31727,1447,Citrulline,HIF1A
980,31783,1595,DL-asparagine,HIF1AN
981,32016,5642,DL-Glutamine,HIST1H4C
982,31727,5642,Citrulline,HIST1H4C
983,8660,2406,DL-Proline,HLA-A
984,9038,2406,DL-Isoleucine,HLA-A
985,32016,2406,DL-Glutamine,HLA-A
986,27647,2406,DL-Glutamic acid,HLA-A
987,31783,2406,DL-asparagine,HLA-A
988,31727,2406,Citrulline,HLA-A
989,8660,13179,DL-Proline,HLA-B
990,9038,13179,DL-Isoleucine,HLA-B
991,32016,13179,DL-Glutamine,HLA-B
992,27647,13179,DL-Glutamic acid,HLA-B
993,31783,13179,DL-asparagine,HLA-B
994,31727,13179,Citrulline,HLA-B
995,32016,129,DL-Glutamine,HLA-DQB1
996,9038,264,DL-Isoleucine,HLCS
997,27647,3465,DL-Glutamic acid,HMGB1
998,9038,3275,DL-Isoleucine,HMGCL
999,32016,678,DL-Glutamine,HMOX1
1000,27647,678,DL-Glutamic acid,HMOX1
1001,27647,679,DL-Glutamic acid,HMOX2
1002,9038,3207,DL-Isoleucine,HNF1A
1003,32016,3450,DL-Glutamine,HNF4A
1004,32016,4663,DL-Glutamine,HNRNPA1
1005,32016,1027,DL-Glutamine,HPD
1006,27647,1027,DL-Glutamic acid,HPD
1007,31727,1027,Citrulline,HPD
1008,9038,450,DL-Isoleucine,HPGDS
1009,32016,1371,DL-Glutamine,HPRT1
1010,32016,2082,DL-Glutamine,HRAS
1011,27647,2082,DL-Glutamic acid,HRAS
1012,31783,2082,DL-asparagine,HRAS
1013,31727,2876,Citrulline,HRSP12
1014,9038,560,DL-Isoleucine,HSD17B10
1015,32016,564,DL-Glutamine,HSD17B4
1016,32016,378,DL-Glutamine,HSD17B6
1017,32016,1189,DL-Glutamine,HSP90AA1
1018,31727,1189,Citrulline,HSP90AA1
1019,32016,5047,DL-Glutamine,HSPA4
1020,27647,5047,DL-Glutamic acid,HSPA4
1021,27647,52,DL-Glutamic acid,HSPA5
1022,31783,52,DL-asparagine,HSPA5
1023,32016,3527,DL-Glutamine,HSPA8
1024,27647,3472,DL-Glutamic acid,HSPB1
1025,9038,4374,DL-Isoleucine,HSPD1
1026,32016,4374,DL-Glutamine,HSPD1
1027,27647,4374,DL-Glutamic acid,HSPD1
1028,27647,873,DL-Glutamic acid,HTR1A
1029,27647,936,DL-Glutamic acid,HTR3A
1030,8660,718,DL-Proline,IARS
1031,9038,718,DL-Isoleucine,IARS
1032,32016,718,DL-Glutamine,IARS
1033,27647,718,DL-Glutamic acid,IARS
1034,32016,163,DL-Glutamine,ICAM1
1035,27647,163,DL-Glutamic acid,ICAM1
1036,27647,1634,DL-Glutamic acid,IDH1
1037,32016,1633,DL-Glutamine,IDH2
1038,27647,1633,DL-Glutamic acid,IDH2
1039,8660,581,DL-Proline,IDH3A
1040,9038,581,DL-Isoleucine,IDH3A
1041,9038,580,DL-Isoleucine,IDH3B
1042,27647,580,DL-Glutamic acid,IDH3B
1043,9038,579,DL-Isoleucine,IDH3G
1044,32016,4747,DL-Glutamine,IDO1
1045,32016,5040,DL-Glutamine,IFNA1
1046,32016,5043,DL-Glutamine,IFNA2
1047,32016,21,DL-Glutamine,IFNAR2
1048,9038,2215,DL-Isoleucine,IFNB1
1049,32016,2215,DL-Glutamine,IFNB1
1050,31783,2215,DL-asparagine,IFNB1
1051,9038,1475,DL-Isoleucine,IFNG
1052,32016,1475,DL-Glutamine,IFNG
1053,9038,1800,DL-Isoleucine,IGF1
1054,32016,1800,DL-Glutamine,IGF1
1055,27647,1800,DL-Glutamic acid,IGF1
1056,32016,65,DL-Glutamine,IGF1R
1057,32016,1489,DL-Glutamine,IGF2R
1058,32016,4218,DL-Glutamine,IGFBP1
1059,32016,1488,DL-Glutamine,IGFBP3
1060,32016,5303,DL-Glutamine,IGFBP5
1061,9038,4928,DL-Isoleucine,IGSF3
1062,32016,928,DL-Glutamine,IKBKB
1063,27647,928,DL-Glutamic acid,IKBKB
1064,32016,3376,DL-Glutamine,IL10
1065,32016,4299,DL-Glutamine,IL11
1066,32016,3871,DL-Glutamine,IL12A
1067,32016,2421,DL-Glutamine,IL12B
1068,32016,3429,DL-Glutamine,IL13
1069,32016,3929,DL-Glutamine,IL15
1070,32016,3912,DL-Glutamine,IL17A
1071,32016,3916,DL-Glutamine,IL18
1072,32016,3478,DL-Glutamine,IL1A
1073,31727,3478,Citrulline,IL1A
1074,32016,1380,DL-Glutamine,IL1B
1075,27647,1380,DL-Glutamic acid,IL1B
1076,31727,1380,Citrulline,IL1B
1077,32016,3479,DL-Glutamine,IL1RN
1078,27647,3479,DL-Glutamic acid,IL1RN
1079,32016,1330,DL-Glutamine,IL2
1080,31783,1330,DL-asparagine,IL2
1081,31727,4792,Citrulline,IL26
1082,32016,14,DL-Glutamine,IL2RA
1083,32016,1385,DL-Glutamine,IL3
1084,32016,4143,DL-Glutamine,IL4
1085,8660,2552,DL-Proline,IL4I1
1086,9038,2552,DL-Isoleucine,IL4I1
1087,31727,2552,Citrulline,IL4I1
1088,32016,3381,DL-Glutamine,IL4R
1089,32016,1516,DL-Glutamine,IL5
1090,32016,1514,DL-Glutamine,IL6
1091,27647,1514,DL-Glutamic acid,IL6
1092,32016,3997,DL-Glutamine,IL7
1093,32016,3897,DL-Glutamine,IL7R
1094,32016,3904,DL-Glutamine,IL9
1095,32016,596,DL-Glutamine,IMPDH1
1096,27647,596,DL-Glutamic acid,IMPDH1
1097,32016,588,DL-Glutamine,IMPDH2
1098,27647,588,DL-Glutamic acid,IMPDH2
1099,8660,39277,DL-Proline,INS-IGF2
1100,9038,39277,DL-Isoleucine,INS-IGF2
1101,32016,39277,DL-Glutamine,INS-IGF2
1102,27647,39277,DL-Glutamic acid,INS-IGF2
1103,31783,39277,DL-asparagine,INS-IGF2
1104,31727,39277,Citrulline,INS-IGF2
1105,9038,64,DL-Isoleucine,INSR
1106,32016,64,DL-Glutamine,INSR
1107,27647,64,DL-Glutamic acid,INSR
1108,31783,64,DL-asparagine,INSR
1109,32016,4253,DL-Glutamine,IRF1
1110,32016,4623,DL-Glutamine,IRF3
1111,32016,3758,DL-Glutamine,IRS1
1112,32016,4985,DL-Glutamine,IRS2
1113,32016,2837,DL-Glutamine,ISG20
1114,31727,4033,Citrulline,ITCH
1115,9038,4198,DL-Isoleucine,ITGA2
1116,32016,4198,DL-Glutamine,ITGA2
1117,27647,4198,DL-Glutamic acid,ITGA2
1118,31727,4198,Citrulline,ITGA2
1119,32016,112,DL-Glutamine,ITGA2B
1120,32016,146,DL-Glutamine,ITGAL
1121,32016,4392,DL-Glutamine,ITGAM
1122,32016,1211,DL-Glutamine,ITGB2
1123,27647,4751,DL-Glutamic acid,ITPR3
1124,27647,2725,DL-Glutamic acid,IYD
1125,32016,3316,DL-Glutamine,JAK1
1126,32016,3314,DL-Glutamine,JAK2
1127,32016,3317,DL-Glutamine,JAK3
1128,32016,1161,DL-Glutamine,JUN
1129,27647,1161,DL-Glutamic acid,JUN
1130,31783,1161,DL-asparagine,JUN
1131,8660,282,DL-Proline,KARS
1132,9038,282,DL-Isoleucine,KARS
1133,32016,282,DL-Glutamine,KARS
1134,27647,282,DL-Glutamic acid,KARS
1135,32016,1934,DL-Glutamine,KAT2B
1136,32016,1924,DL-Glutamine,KAT5
1137,27647,3485,DL-Glutamic acid,KCNA2
1138,27647,3486,DL-Glutamic acid,KCNA3
1139,27647,2123,DL-Glutamic acid,KCNA4
1140,27647,3487,DL-Glutamic acid,KCNA5
1141,27647,3493,DL-Glutamic acid,KCNC1
1142,27647,3494,DL-Glutamic acid,KCNC2
1143,27647,5601,DL-Glutamic acid,KCNG1
1144,27647,4737,DL-Glutamic acid,KCNJ10
1145,32016,883,DL-Glutamine,KCNJ11
1146,27647,883,DL-Glutamic acid,KCNJ11
1147,27647,855,DL-Glutamic acid,KCNJ12
1148,27647,5622,DL-Glutamic acid,KCNJ16
1149,27647,5599,DL-Glutamic acid,KCNJ2
1150,32016,1456,DL-Glutamine,KCNJ3
1151,27647,1456,DL-Glutamic acid,KCNJ3
1152,27647,994,DL-Glutamic acid,KCNK1
1153,27647,854,DL-Glutamic acid,KCNK2
1154,27647,1030,DL-Glutamic acid,KCNMA1
1155,27647,1300,DL-Glutamic acid,KCNQ1
1156,27647,1007,DL-Glutamic acid,KCNQ2
1157,27647,1010,DL-Glutamic acid,KCNQ3
1158,32016,1067,DL-Glutamine,KDR
1159,31783,4180,DL-asparagine,KIF5A
1160,31727,4180,Citrulline,KIF5A
1161,27647,3921,DL-Glutamic acid,KISS1R
1162,27647,5925,DL-Glutamic acid,KL
1163,27647,4019,DL-Glutamic acid,KLB
1164,32016,4292,DL-Glutamine,KLK3
1165,8660,3430,DL-Proline,KLKB1
1166,32016,3990,DL-Glutamine,KLRC1
1167,8660,4247,DL-Proline,KNG1
1168,32016,4247,DL-Glutamine,KNG1
1169,27647,4247,DL-Glutamic acid,KNG1
1170,31727,4247,Citrulline,KNG1
1171,32016,3620,DL-Glutamine,KRAS
1172,31783,3620,DL-asparagine,KRAS
1173,8660,760,DL-Proline,L3HYPDH
1174,8660,2220,DL-Proline,LAP3
1175,9038,2220,DL-Isoleucine,LAP3
1176,32016,2220,DL-Glutamine,LAP3
1177,27647,2220,DL-Glutamic acid,LAP3
1178,31783,2220,DL-asparagine,LAP3
1179,8660,525,DL-Proline,LARS
1180,9038,525,DL-Isoleucine,LARS
1181,32016,525,DL-Glutamine,LARS
1182,27647,525,DL-Glutamic acid,LARS
1183,9038,522,DL-Isoleucine,LARS2
1184,32016,1478,DL-Glutamine,LCK
1185,32016,4984,DL-Glutamine,LCP1
1186,32016,562,DL-Glutamine,LDHA
1187,27647,562,DL-Glutamic acid,LDHA
1188,27647,557,DL-Glutamic acid,LDHAL6A
1189,27647,567,DL-Glutamic acid,LDHB
1190,27647,5928,DL-Glutamic acid,LDHD
1191,32016,1235,DL-Glutamine,LDLR
1192,27647,1235,DL-Glutamic acid,LDLR
1193,31783,1235,DL-asparagine,LDLR
1194,32016,4271,DL-Glutamine,LEP
1195,27647,4271,DL-Glutamic acid,LEP
1196,31962,3385,Trigonelline,LEPR
1197,32016,3385,DL-Glutamine,LEPR
1198,32016,1743,DL-Glutamine,LGALS3
1199,32016,2207,DL-Glutamine,LGALS7
1200,31783,2207,DL-asparagine,LGALS7
1201,32016,428,DL-Glutamine,LGSN
1202,27647,428,DL-Glutamic acid,LGSN
1203,9038,715,DL-Isoleucine,LIAS
1204,32016,981,DL-Glutamine,LIG1
1205,32016,982,DL-Glutamine,LIG3
1206,8660,1420,DL-Proline,LIPF
1207,8660,39028,DL-Proline,LIPJ
1208,8660,39169,DL-Proline,LIPK
1209,8660,5018,DL-Proline,LIPM
1210,31783,55,DL-asparagine,LMAN1
1211,32016,5660,DL-Glutamine,LMNA
1212,27647,5660,DL-Glutamic acid,LMNA
1213,8660,5195,DL-Proline,LNPEP
1214,9038,5195,DL-Isoleucine,LNPEP
1215,32016,5195,DL-Glutamine,LNPEP
1216,27647,5195,DL-Glutamic acid,LNPEP
1217,31783,5195,DL-asparagine,LNPEP
1218,31783,39096,DL-asparagine,LOC101060399
1219,31783,39092,DL-asparagine,LOC101928168
1220,32016,39238,DL-Glutamine,LOC102724197
1221,27647,39238,DL-Glutamic acid,LOC102724197
1222,31783,4011,DL-asparagine,LOC102724652
1223,9038,4061,DL-Isoleucine,LONP1
1224,32016,4296,DL-Glutamine,LOX
1225,32016,4895,DL-Glutamine,LPA
1226,32016,3424,DL-Glutamine,LPL
1227,27647,3424,DL-Glutamic acid,LPL
1228,32016,4911,DL-Glutamine,LPO
1229,32016,1720,DL-Glutamine,LTF
1230,32016,2424,DL-Glutamine,LY96
1231,8660,315,DL-Proline,LYZ
1232,9038,315,DL-Isoleucine,LYZ
1233,32016,315,DL-Glutamine,LYZ
1234,27647,315,DL-Glutamic acid,LYZ
1235,31783,315,DL-asparagine,LYZ
1236,32016,1487,DL-Glutamine,M6PR
1237,31783,1487,DL-asparagine,M6PR
1238,32016,4427,DL-Glutamine,MAGEA3
1239,31783,4427,DL-asparagine,MAGEA3
1240,31783,1874,DL-asparagine,MAN1B1
1241,31783,1978,DL-asparagine,MAN2A1
1242,8660,814,DL-Proline,MAOA
1243,27647,814,DL-Glutamic acid,MAOA
1244,31727,814,Citrulline,MAOA
1245,8660,790,DL-Proline,MAOB
1246,27647,790,DL-Glutamic acid,MAOB
1247,31727,790,Citrulline,MAOB
1248,32016,1464,DL-Glutamine,MAP2
1249,27647,1464,DL-Glutamic acid,MAP2
1250,32016,5355,DL-Glutamine,MAP2K4
1251,32016,4543,DL-Glutamine,MAP3K5
1252,27647,4543,DL-Glutamic acid,MAP3K5
1253,27647,1472,DL-Glutamic acid,MAP4
1254,32016,1409,DL-Glutamine,MAPK1
1255,27647,1409,DL-Glutamic acid,MAPK1
1256,32016,1677,DL-Glutamine,MAPK14
1257,27647,1677,DL-Glutamic acid,MAPK14
1258,32016,1179,DL-Glutamine,MAPK3
1259,27647,1179,DL-Glutamic acid,MAPK3
1260,32016,1699,DL-Glutamine,MAPK8
1261,27647,1699,DL-Glutamic acid,MAPK8
1262,32016,3524,DL-Glutamine,MAPK9
1263,27647,3524,DL-Glutamic acid,MAPK9
1264,32016,1473,DL-Glutamine,MAPT
1265,27647,1473,DL-Glutamic acid,MAPT
1266,8660,4584,DL-Proline,MARS
1267,9038,4584,DL-Isoleucine,MARS
1268,32016,4584,DL-Glutamine,MARS
1269,27647,4584,DL-Glutamic acid,MARS
1270,31783,4584,DL-asparagine,MARS
1271,32016,1618,DL-Glutamine,MB
1272,27647,1618,DL-Glutamic acid,MB
1273,31783,1618,DL-asparagine,MB
1274,31783,4044,DL-asparagine,MBOAT4
1275,31783,4403,DL-asparagine,MBTPS1
1276,31783,5681,DL-asparagine,MBTPS2
1277,31783,268,DL-asparagine,MCCC1
1278,27647,266,DL-Glutamic acid,MCCC2
1279,27647,3895,DL-Glutamic acid,MCHR1
1280,8660,5861,DL-Proline,MDFIC
1281,9038,5861,DL-Isoleucine,MDFIC
1282,9038,572,DL-Isoleucine,MDH1
1283,32016,572,DL-Glutamine,MDH1
1284,27647,572,DL-Glutamic acid,MDH1
1285,32016,561,DL-Glutamine,MDH2
1286,27647,561,DL-Glutamic acid,MDH2
1287,32016,4245,DL-Glutamine,MDK
1288,27647,4245,DL-Glutamic acid,MDK
1289,8660,2464,DL-Proline,MDM2
1290,32016,2464,DL-Glutamine,MDM2
1291,27647,2464,DL-Glutamic acid,MDM2
1292,31783,2464,DL-asparagine,MDM2
1293,27647,576,DL-Glutamic acid,ME1
1294,27647,563,DL-Glutamic acid,ME2
1295,32016,2045,DL-Glutamine,MET
1296,27647,454,DL-Glutamic acid,MGST1
1297,27647,466,DL-Glutamic acid,MGST2
1298,27647,449,DL-Glutamic acid,MGST3
1299,31727,228,Citrulline,MMAA
1300,32016,1272,DL-Glutamine,MMP1
1301,32016,1278,DL-Glutamine,MMP10
1302,32016,1280,DL-Glutamine,MMP13
1303,32016,1281,DL-Glutamine,MMP14
1304,32016,1273,DL-Glutamine,MMP2
1305,32016,1274,DL-Glutamine,MMP3
1306,32016,1275,DL-Glutamine,MMP7
1307,32016,1276,DL-Glutamine,MMP8
1308,32016,1277,DL-Glutamine,MMP9
1309,27647,1277,DL-Glutamic acid,MMP9
1310,32016,4372,DL-Glutamine,MOG
1311,27647,4372,DL-Glutamic acid,MOG
1312,9038,3434,DL-Isoleucine,MPL
1313,32016,929,DL-Glutamine,MPO
1314,31727,929,Citrulline,MPO
1315,32016,131,DL-Glutamine,MS4A1
1316,9038,103,DL-Isoleucine,MS4A2
1317,32016,4456,DL-Glutamine,MSH2
1318,27647,231,DL-Glutamic acid,MTHFD1
1319,27647,230,DL-Glutamic acid,MTHFR
1320,8660,1024,DL-Proline,MTOR
1321,9038,1024,DL-Isoleucine,MTOR
1322,32016,1024,DL-Glutamine,MTOR
1323,27647,1024,DL-Glutamic acid,MTOR
1324,27647,225,DL-Glutamic acid,MTR
1325,8660,1423,DL-Proline,MTTP
1326,32016,4414,DL-Glutamine,MUC1
1327,9038,226,DL-Isoleucine,MUT
1328,32016,226,DL-Glutamine,MUT
1329,27647,226,DL-Glutamic acid,MUT
1330,32016,3867,DL-Glutamine,MYB
1331,32016,3797,DL-Glutamine,MYC
1332,27647,3797,DL-Glutamic acid,MYC
1333,32016,4173,DL-Glutamine,MYCN
1334,32016,4604,DL-Glutamine,MYD88
1335,27647,4604,DL-Glutamic acid,MYD88
1336,32016,5258,DL-Glutamine,MYH13
1337,32016,5259,DL-Glutamine,MYH2
1338,32016,5284,DL-Glutamine,MYH6
1339,32016,3749,DL-Glutamine,MYH7
1340,9038,5268,DL-Isoleucine,MYL3
1341,32016,4446,DL-Glutamine,MYLK
1342,9038,3335,DL-Isoleucine,MYLK2
1343,32016,5855,DL-Glutamine,MYOD1
1344,32016,5857,DL-Glutamine,MYOG
1345,9038,5836,DL-Isoleucine,NAA15
1346,9038,5839,DL-Isoleucine,NAA16
1347,31783,5846,DL-asparagine,NAA20
1348,27647,4585,DL-Glutamic acid,NAALAD2
1349,27647,5209,DL-Glutamic acid,NAALADL1
1350,32016,429,DL-Glutamine,NADSYN1
1351,27647,429,DL-Glutamic acid,NADSYN1
1352,8660,732,DL-Proline,NAE1
1353,31783,397,DL-asparagine,NAGLU
1354,8660,396,DL-Proline,NAGPA
1355,9038,396,DL-Isoleucine,NAGPA
1356,27647,430,DL-Glutamic acid,NAGS
1357,31727,430,Citrulline,NAGS
1358,31783,775,DL-asparagine,NARS
1359,31783,774,DL-asparagine,NARS2
1360,32016,5850,DL-Glutamine,NAT1
1361,27647,5850,DL-Glutamic acid,NAT1
1362,32016,4321,DL-Glutamine,NCL
1363,32016,1552,DL-Glutamine,NCOA1
1364,32016,1553,DL-Glutamine,NCOA2
1365,32016,4284,DL-Glutamine,NCOA3
1366,32016,4982,DL-Glutamine,NCOR1
1367,32016,5311,DL-Glutamine,NCOR2
1368,31783,633,DL-asparagine,ND1
1369,27647,627,DL-Glutamic acid,NDUFS7
1370,9038,831,DL-Isoleucine,NEU1
1371,32016,831,DL-Glutamine,NEU1
1372,31783,831,DL-asparagine,NEU1
1373,31962,4068,Trigonelline,NFE2L2
1374,27647,4068,DL-Glutamic acid,NFE2L2
1375,27647,1396,DL-Glutamic acid,NFKB1
1376,27647,1363,DL-Glutamic acid,NFKB2
1377,32016,1362,DL-Glutamine,NFKBIA
1378,27647,1362,DL-Glutamic acid,NFKBIA
1379,32016,1515,DL-Glutamine,NGF
1380,27647,1515,DL-Glutamic acid,NGF
1381,32016,3906,DL-Glutamine,NGFR
1382,27647,3906,DL-Glutamic acid,NGFR
1383,32016,2068,DL-Glutamine,NME1
1384,27647,2068,DL-Glutamic acid,NME1
1385,32016,3158,DL-Glutamine,NME2
1386,32016,2630,DL-Glutamine,NMNAT1
1387,27647,2630,DL-Glutamic acid,NMNAT1
1388,32016,2342,DL-Glutamine,NMNAT3
1389,27647,2342,DL-Glutamic acid,NMNAT3
1390,32016,541,DL-Glutamine,NOS1
1391,27647,541,DL-Glutamic acid,NOS1
1392,31727,541,Citrulline,NOS1
1393,32016,285,DL-Glutamine,NOS2
1394,27647,285,DL-Glutamic acid,NOS2
1395,31727,285,Citrulline,NOS2
1396,32016,283,DL-Glutamine,NOS3
1397,27647,283,DL-Glutamic acid,NOS3
1398,31727,283,Citrulline,NOS3
1399,32016,3965,DL-Glutamine,NOTCH1
1400,27647,3965,DL-Glutamic acid,NOTCH1
1401,9038,3955,DL-Isoleucine,NOX1
1402,27647,3955,DL-Glutamic acid,NOX1
1403,8660,3455,DL-Proline,NPEPPS
1404,9038,3455,DL-Isoleucine,NPEPPS
1405,32016,3455,DL-Glutamine,NPEPPS
1406,27647,3455,DL-Glutamic acid,NPEPPS
1407,31783,3455,DL-asparagine,NPEPPS
1408,27647,1011,DL-Glutamic acid,NPR1
1409,31727,1011,Citrulline,NPR1
1410,31727,1529,Citrulline,NPR2
1411,9038,1458,DL-Isoleucine,NPSR1
1412,31783,1458,DL-asparagine,NPSR1
1413,32016,2494,DL-Glutamine,NPY
1414,27647,2494,DL-Glutamic acid,NPY
1415,31962,724,Trigonelline,NQO1
1416,32016,779,DL-Glutamine,NR3C1
1417,27647,779,DL-Glutamic acid,NR3C1
1418,31727,779,Citrulline,NR3C1
1419,32016,1063,DL-Glutamine,NR3C2
1420,27647,4377,DL-Glutamic acid,NRG1
1421,27647,4067,DL-Glutamic acid,NRN1
1422,32016,91,DL-Glutamine,NRP1
1423,8660,1299,DL-Proline,NT5E
1424,9038,1299,DL-Isoleucine,NT5E
1425,37522,2087,Triacontanol,NT5M
1426,32016,3377,DL-Glutamine,NTF3
1427,27647,3377,DL-Glutamic acid,NTF3
1428,32016,4066,DL-Glutamine,NTN1
1429,27647,4066,DL-Glutamic acid,NTN1
1430,32016,1006,DL-Glutamine,NTRK2
1431,27647,1006,DL-Glutamic acid,NTRK2
1432,27647,5313,DL-Glutamic acid,NTRK3
1433,9038,3900,DL-Isoleucine,NTSR1
1434,8660,175,DL-Proline,OAT
1435,32016,175,DL-Glutamine,OAT
1436,27647,175,DL-Glutamic acid,OAT
1437,31727,175,Citrulline,OAT
1438,9038,622,DL-Isoleucine,OGDH
1439,32016,622,DL-Glutamine,OGDH
1440,27647,622,DL-Glutamic acid,OGDH
1441,9038,5353,DL-Isoleucine,OGT
1442,32016,5353,DL-Glutamine,OGT
1443,27647,818,DL-Glutamic acid,OPRK1
1444,27647,816,DL-Glutamic acid,OPRM1
1445,32016,4265,DL-Glutamine,OSM
1446,8660,331,DL-Proline,OTC
1447,9038,331,DL-Isoleucine,OTC
1448,32016,331,DL-Glutamine,OTC
1449,27647,331,DL-Glutamic acid,OTC
1450,31727,331,Citrulline,OTC
1451,31962,388,Trigonelline,OXCT1
1452,27647,388,DL-Glutamic acid,OXCT1
1453,27647,374,DL-Glutamic acid,OXCT2
1454,27647,161,DL-Glutamic acid,OXT
1455,27647,5703,DL-Glutamic acid,P2RX1
1456,27647,5727,DL-Glutamic acid,P2RX2
1457,27647,4199,DL-Glutamic acid,P2RX3
1458,27647,4651,DL-Glutamic acid,P2RX4
1459,27647,5726,DL-Glutamic acid,P2RX6
1460,32016,3914,DL-Glutamine,P2RX7
1461,27647,3914,DL-Glutamic acid,P2RX7
1462,27647,4138,DL-Glutamic acid,P2RY1
1463,27647,3331,DL-Glutamic acid,P2RY2
1464,8660,297,DL-Proline,P3H1
1465,8660,300,DL-Proline,P3H2
1466,8660,296,DL-Proline,P4HA1
1467,8660,384,DL-Proline,P4HA2
1468,8660,5590,DL-Proline,P4HA3
1469,8660,2818,DL-Proline,P4HB
1470,31727,543,Citrulline,PADI1
1471,31727,545,Citrulline,PADI2
1472,31727,544,Citrulline,PADI3
1473,31727,546,Citrulline,PADI4
1474,8660,259,DL-Proline,PAH
1475,9038,259,DL-Isoleucine,PAH
1476,27647,259,DL-Glutamic acid,PAH
1477,27647,1390,DL-Glutamic acid,PANX1
1478,31783,5694,DL-asparagine,PAPPA
1479,31783,5679,DL-asparagine,PAPPA2
1480,32016,2285,DL-Glutamine,PARP1
1481,27647,2285,DL-Glutamic acid,PARP1
1482,8660,758,DL-Proline,PARS2
1483,32016,4269,DL-Glutamine,PAX5
1484,9038,256,DL-Isoleucine,PC
1485,32016,256,DL-Glutamine,PC
1486,27647,256,DL-Glutamic acid,PC
1487,31783,256,DL-asparagine,PC
1488,31727,3202,Citrulline,PCBD1
1489,31783,269,DL-asparagine,PCCA
1490,9038,263,DL-Isoleucine,PCCB
1491,27647,263,DL-Glutamic acid,PCCB
1492,32016,1739,DL-Glutamine,PCK1
1493,27647,1739,DL-Glutamic acid,PCK1
1494,27647,4975,DL-Glutamic acid,PCK2
1495,32016,4184,DL-Glutamine,PCNA
1496,31783,5171,DL-asparagine,PCSK6
1497,31783,5179,DL-asparagine,PCSK7
1498,32016,4643,DL-Glutamine,PDGFB
1499,32016,154,DL-Glutamine,PDGFRB
1500,27647,1114,DL-Glutamic acid,PDPK1
1501,32016,515,DL-Glutamine,PDXK
1502,32016,5629,DL-Glutamine,PDYN
1503,27647,5629,DL-Glutamic acid,PDYN
1504,27647,5768,DL-Glutamic acid,PENK
1505,8660,4430,DL-Proline,PEPD
1506,32016,119,DL-Glutamine,PF4
1507,32016,408,DL-Glutamine,PFAS
1508,27647,408,DL-Glutamic acid,PFAS
1509,8660,3640,DL-Proline,PFN1
1510,8660,2004,DL-Proline,PFN2
1511,27647,1295,DL-Glutamic acid,PGD
1512,32016,2930,DL-Glutamine,PGK1
1513,27647,2930,DL-Glutamic acid,PGK1
1514,32016,984,DL-Glutamine,PGR
1515,27647,577,DL-Glutamic acid,PHGDH
1516,9038,5835,DL-Isoleucine,PIGT
1517,32016,845,DL-Glutamine,PIK3CA
1518,32016,846,DL-Glutamine,PIK3CB
1519,32016,844,DL-Glutamine,PIK3CD
1520,8660,1959,DL-Proline,PIK3CG
1521,8660,1679,DL-Proline,PIN1
1522,8660,508,DL-Proline,PIPOX
1523,27647,508,DL-Glutamic acid,PIPOX
1524,31783,508,DL-asparagine,PIPOX
1525,9038,248,DL-Isoleucine,PKLR
1526,32016,248,DL-Glutamine,PKLR
1527,27647,248,DL-Glutamic acid,PKLR
1528,9038,252,DL-Isoleucine,PKM
1529,32016,252,DL-Glutamine,PKM
1530,27647,252,DL-Glutamic acid,PKM
1531,27647,1173,DL-Glutamic acid,PLA2G4A
1532,32016,30,DL-Glutamine,PLAT
1533,27647,30,DL-Glutamic acid,PLAT
1534,31783,30,DL-asparagine,PLAT
1535,32016,29,DL-Glutamine,PLAU
1536,27647,4502,DL-Glutamic acid,PLCB1
1537,27647,5213,DL-Glutamic acid,PLCB2
1538,27647,5216,DL-Glutamic acid,PLCB3
1539,32016,23,DL-Glutamine,PLG
1540,31783,23,DL-asparagine,PLG
1541,32016,3511,DL-Glutamine,PLK1
1542,8660,308,DL-Proline,PLOD1
1543,8660,291,DL-Proline,PLOD2
1544,8660,292,DL-Proline,PLOD3
1545,27647,5668,DL-Glutamic acid,PMPCB
1546,31783,5668,DL-asparagine,PMPCB
1547,27647,1646,DL-Glutamic acid,PNMT
1548,9038,1370,DL-Isoleucine,POLB
1549,32016,924,DL-Glutamine,POLE3
1550,32016,4896,DL-Glutamine,POLI
1551,9038,4904,DL-Isoleucine,POLM
1552,32016,1318,DL-Glutamine,POMC
1553,27647,1318,DL-Glutamic acid,POMC
1554,32016,1015,DL-Glutamine,PPARA
1555,32016,684,DL-Glutamine,PPARG
1556,27647,684,DL-Glutamic acid,PPARG
1557,32016,340,DL-Glutamine,PPAT
1558,27647,340,DL-Glutamic acid,PPAT
1559,32016,2820,DL-Glutamine,PPBP
1560,27647,2649,DL-Glutamic acid,PPCDC
1561,8660,143,DL-Proline,PPIA
1562,32016,143,DL-Glutamine,PPIA
1563,8660,754,DL-Proline,PPIB
1564,8660,755,DL-Proline,PPIC
1565,8660,4519,DL-Proline,PPID
1566,8660,144,DL-Proline,PPIF
1567,27647,144,DL-Glutamic acid,PPIF
1568,8660,756,DL-Proline,PPIG
1569,8660,753,DL-Proline,PPIH
1570,27647,2287,DL-Glutamic acid,PPP1CA
1571,27647,2059,DL-Glutamic acid,PPP1CC
1572,27647,5801,DL-Glutamic acid,PPP1R1B
1573,27647,710,DL-Glutamic acid,PPP2CA
1574,27647,2288,DL-Glutamic acid,PPP2R1A
1575,27647,2290,DL-Glutamic acid,PPP2R2A
1576,27647,2289,DL-Glutamic acid,PPP2R5C
1577,27647,5553,DL-Glutamic acid,PPY
1578,8660,1584,DL-Proline,PREP
1579,8660,5154,DL-Proline,PREPL
1580,27647,5772,DL-Glutamic acid,PRKACG
1581,8660,1706,DL-Proline,PRKAR1A
1582,32016,1706,DL-Glutamine,PRKAR1A
1583,27647,1706,DL-Glutamic acid,PRKAR1A
1584,8660,3461,DL-Proline,PRKAR2A
1585,32016,3461,DL-Glutamine,PRKAR2A
1586,27647,3461,DL-Glutamic acid,PRKAR2A
1587,8660,2298,DL-Proline,PRKAR2B
1588,32016,2298,DL-Glutamine,PRKAR2B
1589,27647,2298,DL-Glutamic acid,PRKAR2B
1590,32016,843,DL-Glutamine,PRKDC
1591,8660,5771,DL-Proline,PRKG1
1592,32016,5771,DL-Glutamine,PRKG1
1593,27647,5771,DL-Glutamic acid,PRKG1
1594,8660,5773,DL-Proline,PRKG2
1595,32016,5773,DL-Glutamine,PRKG2
1596,27647,5773,DL-Glutamic acid,PRKG2
1597,32016,4250,DL-Glutamine,PRL
1598,27647,4250,DL-Glutamic acid,PRL
1599,27647,1650,DL-Glutamic acid,PRMT3
1600,8660,752,DL-Proline,PRODH
1601,27647,752,DL-Glutamic acid,PRODH
1602,31783,752,DL-asparagine,PRODH
1603,9038,117,DL-Isoleucine,PROS1
1604,32016,117,DL-Glutamine,PROS1
1605,27647,117,DL-Glutamic acid,PROS1
1606,31783,117,DL-asparagine,PROS1
1607,8660,201,DL-Proline,PROSC
1608,9038,1568,DL-Isoleucine,PRSS1
1609,27647,1568,DL-Glutamic acid,PRSS1
1610,9038,1714,DL-Isoleucine,PRSS2
1611,32016,1714,DL-Glutamine,PRSS2
1612,27647,1714,DL-Glutamic acid,PRSS2
1613,31783,1714,DL-asparagine,PRSS2
1614,31727,3402,Citrulline,PRTN3
1615,27647,193,DL-Glutamic acid,PSAT1
1616,32016,4260,DL-Glutamine,PSEN1
1617,27647,4260,DL-Glutamic acid,PSEN1
1618,27647,4261,DL-Glutamic acid,PSEN2
1619,8660,3565,DL-Proline,PSMA2
1620,9038,3565,DL-Isoleucine,PSMA2
1621,32016,3565,DL-Glutamine,PSMA2
1622,27647,3565,DL-Glutamic acid,PSMA2
1623,31783,3565,DL-asparagine,PSMA2
1624,8660,3566,DL-Proline,PSMA3
1625,9038,3566,DL-Isoleucine,PSMA3
1626,32016,3566,DL-Glutamine,PSMA3
1627,27647,3566,DL-Glutamic acid,PSMA3
1628,31783,3566,DL-asparagine,PSMA3
1629,8660,3567,DL-Proline,PSMA4
1630,9038,3567,DL-Isoleucine,PSMA4
1631,32016,3567,DL-Glutamine,PSMA4
1632,27647,3567,DL-Glutamic acid,PSMA4
1633,31783,3567,DL-asparagine,PSMA4
1634,8660,3568,DL-Proline,PSMA5
1635,9038,3568,DL-Isoleucine,PSMA5
1636,32016,3568,DL-Glutamine,PSMA5
1637,27647,3568,DL-Glutamic acid,PSMA5
1638,31783,3568,DL-asparagine,PSMA5
1639,8660,3569,DL-Proline,PSMA6
1640,9038,3569,DL-Isoleucine,PSMA6
1641,32016,3569,DL-Glutamine,PSMA6
1642,27647,3569,DL-Glutamic acid,PSMA6
1643,31783,3569,DL-asparagine,PSMA6
1644,8660,3570,DL-Proline,PSMA7
1645,9038,3570,DL-Isoleucine,PSMA7
1646,32016,3570,DL-Glutamine,PSMA7
1647,27647,3570,DL-Glutamic acid,PSMA7
1648,31783,3570,DL-asparagine,PSMA7
1649,8660,4957,DL-Proline,PSMA8
1650,9038,4957,DL-Isoleucine,PSMA8
1651,32016,4957,DL-Glutamine,PSMA8
1652,27647,4957,DL-Glutamic acid,PSMA8
1653,31783,4957,DL-asparagine,PSMA8
1654,8660,810,DL-Proline,PSMB1
1655,9038,810,DL-Isoleucine,PSMB1
1656,32016,810,DL-Glutamine,PSMB1
1657,27647,810,DL-Glutamic acid,PSMB1
1658,31783,810,DL-asparagine,PSMB1
1659,8660,3824,DL-Proline,PSMB10
1660,9038,3824,DL-Isoleucine,PSMB10
1661,32016,3824,DL-Glutamine,PSMB10
1662,27647,3824,DL-Glutamic acid,PSMB10
1663,31783,3824,DL-asparagine,PSMB10
1664,8660,812,DL-Proline,PSMB2
1665,9038,812,DL-Isoleucine,PSMB2
1666,32016,812,DL-Glutamine,PSMB2
1667,27647,812,DL-Glutamic acid,PSMB2
1668,31783,812,DL-asparagine,PSMB2
1669,8660,3572,DL-Proline,PSMB4
1670,9038,3572,DL-Isoleucine,PSMB4
1671,32016,3572,DL-Glutamine,PSMB4
1672,27647,3572,DL-Glutamic acid,PSMB4
1673,31783,3572,DL-asparagine,PSMB4
1674,8660,811,DL-Proline,PSMB5
1675,9038,811,DL-Isoleucine,PSMB5
1676,32016,811,DL-Glutamine,PSMB5
1677,27647,811,DL-Glutamic acid,PSMB5
1678,31783,811,DL-asparagine,PSMB5
1679,8660,3573,DL-Proline,PSMB6
1680,9038,3573,DL-Isoleucine,PSMB6
1681,32016,3573,DL-Glutamine,PSMB6
1682,27647,3573,DL-Glutamic acid,PSMB6
1683,31783,3573,DL-asparagine,PSMB6
1684,8660,3574,DL-Proline,PSMB7
1685,9038,3574,DL-Isoleucine,PSMB7
1686,32016,3574,DL-Glutamine,PSMB7
1687,27647,3574,DL-Glutamic acid,PSMB7
1688,31783,3574,DL-asparagine,PSMB7
1689,8660,4954,DL-Proline,PSMC2
1690,9038,4954,DL-Isoleucine,PSMC2
1691,32016,4954,DL-Glutamine,PSMC2
1692,27647,4954,DL-Glutamic acid,PSMC2
1693,31783,4954,DL-asparagine,PSMC2
1694,8660,4956,DL-Proline,PSMC3
1695,9038,4956,DL-Isoleucine,PSMC3
1696,32016,4956,DL-Glutamine,PSMC3
1697,27647,4956,DL-Glutamic acid,PSMC3
1698,31783,4956,DL-asparagine,PSMC3
1699,8660,4946,DL-Proline,PSMC4
1700,9038,4946,DL-Isoleucine,PSMC4
1701,32016,4946,DL-Glutamine,PSMC4
1702,27647,4946,DL-Glutamic acid,PSMC4
1703,31783,4946,DL-asparagine,PSMC4
1704,8660,813,DL-Proline,PSMD1
1705,9038,813,DL-Isoleucine,PSMD1
1706,32016,813,DL-Glutamine,PSMD1
1707,27647,813,DL-Glutamic acid,PSMD1
1708,31783,813,DL-asparagine,PSMD1
1709,8660,4624,DL-Proline,PSMD10
1710,9038,4624,DL-Isoleucine,PSMD10
1711,32016,4624,DL-Glutamine,PSMD10
1712,27647,4624,DL-Glutamic acid,PSMD10
1713,31783,4624,DL-asparagine,PSMD10
1714,8660,4958,DL-Proline,PSMD13
1715,9038,4958,DL-Isoleucine,PSMD13
1716,32016,4958,DL-Glutamine,PSMD13
1717,27647,4958,DL-Glutamic acid,PSMD13
1718,31783,4958,DL-asparagine,PSMD13
1719,8660,4951,DL-Proline,PSMD14
1720,9038,4951,DL-Isoleucine,PSMD14
1721,32016,4951,DL-Glutamine,PSMD14
1722,27647,4951,DL-Glutamic acid,PSMD14
1723,31783,4951,DL-asparagine,PSMD14
1724,8660,809,DL-Proline,PSMD2
1725,9038,809,DL-Isoleucine,PSMD2
1726,32016,809,DL-Glutamine,PSMD2
1727,27647,809,DL-Glutamic acid,PSMD2
1728,31783,809,DL-asparagine,PSMD2
1729,8660,4953,DL-Proline,PSMD4
1730,9038,4953,DL-Isoleucine,PSMD4
1731,32016,4953,DL-Glutamine,PSMD4
1732,27647,4953,DL-Glutamic acid,PSMD4
1733,31783,4953,DL-asparagine,PSMD4
1734,8660,4948,DL-Proline,PSMD8
1735,9038,4948,DL-Isoleucine,PSMD8
1736,32016,4948,DL-Glutamine,PSMD8
1737,27647,4948,DL-Glutamic acid,PSMD8
1738,31783,4948,DL-asparagine,PSMD8
1739,8660,4950,DL-Proline,PSMD9
1740,9038,4950,DL-Isoleucine,PSMD9
1741,32016,4950,DL-Glutamine,PSMD9
1742,27647,4950,DL-Glutamic acid,PSMD9
1743,31783,4950,DL-asparagine,PSMD9
1744,8660,4955,DL-Proline,PSME3
1745,9038,4955,DL-Isoleucine,PSME3
1746,32016,4955,DL-Glutamine,PSME3
1747,27647,4955,DL-Glutamic acid,PSME3
1748,31783,4955,DL-asparagine,PSME3
1749,8660,4947,DL-Proline,PSME4
1750,9038,4947,DL-Isoleucine,PSME4
1751,32016,4947,DL-Glutamine,PSME4
1752,27647,4947,DL-Glutamic acid,PSME4
1753,31783,4947,DL-asparagine,PSME4
1754,27647,2685,DL-Glutamic acid,PSPH
1755,32016,6497,DL-Glutamine,PTEN
1756,27647,6497,DL-Glutamic acid,PTEN
1757,32016,537,DL-Glutamine,PTGS1
1758,32016,538,DL-Glutamine,PTGS2
1759,27647,538,DL-Glutamic acid,PTGS2
1760,32016,3206,DL-Glutamine,PTH
1761,27647,3539,DL-Glutamic acid,PTK2
1762,27647,1425,DL-Glutamic acid,PTK2B
1763,32016,4148,DL-Glutamine,PTN
1764,8660,2438,DL-Proline,PTPN11
1765,32016,2438,DL-Glutamine,PTPN11
1766,27647,2438,DL-Glutamic acid,PTPN11
1767,27647,4920,DL-Glutamic acid,PTPRN
1768,8660,2923,DL-Proline,PTS
1769,27647,1843,DL-Glutamic acid,PVALB
1770,8660,616,DL-Proline,PYCR1
1771,32016,616,DL-Glutamine,PYCR1
1772,27647,616,DL-Glutamic acid,PYCR1
1773,31727,616,Citrulline,PYCR1
1774,8660,615,DL-Proline,PYCR2
1775,27647,615,DL-Glutamic acid,PYCR2
1776,8660,759,DL-Proline,PYCRL
1777,27647,759,DL-Glutamic acid,PYCRL
1778,9038,204,DL-Isoleucine,PYGB
1779,32016,204,DL-Glutamine,PYGB
1780,27647,204,DL-Glutamic acid,PYGB
1781,9038,184,DL-Isoleucine,PYGL
1782,32016,184,DL-Glutamine,PYGL
1783,27647,184,DL-Glutamic acid,PYGL
1784,9038,205,DL-Isoleucine,PYGM
1785,32016,205,DL-Glutamine,PYGM
1786,27647,205,DL-Glutamic acid,PYGM
1787,32016,3273,DL-Glutamine,QPCT
1788,32016,1782,DL-Glutamine,RAB11A
1789,32016,3160,DL-Glutamine,RAC1
1790,27647,3160,DL-Glutamic acid,RAC1
1791,31783,3160,DL-asparagine,RAC1
1792,9038,3194,DL-Isoleucine,RAD51
1793,32016,3194,DL-Glutamine,RAD51
1794,9038,3154,DL-Isoleucine,RALA
1795,9038,3147,DL-Isoleucine,RAN
1796,31783,3147,DL-asparagine,RAN
1797,32016,66,DL-Glutamine,RB1
1798,32016,4092,DL-Glutamine,RBPJ
1799,27647,3704,DL-Glutamic acid,RCVRN
1800,32016,2742,DL-Glutamine,RDX
1801,32016,4618,DL-Glutamine,REL
1802,27647,4618,DL-Glutamic acid,REL
1803,32016,4192,DL-Glutamine,RELA
1804,27647,4192,DL-Glutamic acid,RELA
1805,32016,1070,DL-Glutamine,RET
1806,8660,4938,DL-Proline,RHBDF1
1807,32016,3013,DL-Glutamine,RHEB
1808,9038,1454,DL-Isoleucine,RHO
1809,32016,1454,DL-Glutamine,RHO
1810,27647,1454,DL-Glutamic acid,RHO
1811,31783,1454,DL-asparagine,RHO
1812,27647,3151,DL-Glutamic acid,RHOA
1813,32016,704,DL-Glutamine,RLBP1
1814,32016,314,DL-Glutamine,RNASE1
1815,27647,314,DL-Glutamic acid,RNASE1
1816,31783,314,DL-asparagine,RNASE1
1817,27647,5202,DL-Glutamic acid,RNPEP
1818,27647,3312,DL-Glutamic acid,ROCK1
1819,27647,3666,DL-Glutamic acid,ROCK2
1820,32016,1910,DL-Glutamine,RORA
1821,32016,2269,DL-Glutamine,RPL10L
1822,27647,2269,DL-Glutamic acid,RPL10L
1823,31783,2269,DL-asparagine,RPL10L
1824,8660,5548,DL-Proline,RPS6
1825,9038,5548,DL-Isoleucine,RPS6
1826,32016,5548,DL-Glutamine,RPS6
1827,8660,3901,DL-Proline,RPS6KB1
1828,32016,3901,DL-Glutamine,RPS6KB1
1829,27647,3901,DL-Glutamic acid,RPS6KB1
1830,32016,5537,DL-Glutamine,RPTOR
1831,31783,919,DL-asparagine,RRM2
1832,31783,920,DL-asparagine,RRM2B
1833,27647,2431,DL-Glutamic acid,RTCB
1834,27647,841,DL-Glutamic acid,RYR1
1835,27647,4697,DL-Glutamic acid,RYR2
1836,27647,4696,DL-Glutamic acid,RYR3
1837,32016,1266,DL-Glutamine,S100B
1838,27647,1266,DL-Glutamic acid,S100B
1839,31783,4588,DL-asparagine,SCAP
1840,32016,497,DL-Glutamine,SCARB1
1841,32016,4979,DL-Glutamine,SCARB2
1842,27647,973,DL-Glutamic acid,SCN10A
1843,27647,944,DL-Glutamic acid,SCN1A
1844,27647,1145,DL-Glutamic acid,SCN2A
1845,27647,1341,DL-Glutamic acid,SCN3A
1846,27647,1171,DL-Glutamic acid,SCN4A
1847,27647,4994,DL-Glutamic acid,SCN7A
1848,27647,3416,DL-Glutamic acid,SCN8A
1849,27647,927,DL-Glutamic acid,SCN9A
1850,32016,43,DL-Glutamine,SDC2
1851,27647,2079,DL-Glutamic acid,SDF2
1852,31962,377,Trigonelline,SDHA
1853,32016,385,DL-Glutamine,SDHB
1854,9038,189,DL-Isoleucine,SDS
1855,9038,219,DL-Isoleucine,SDSL
1856,32016,1446,DL-Glutamine,SELE
1857,31783,1446,DL-asparagine,SELE
1858,32016,4410,DL-Glutamine,SELL
1859,32016,1430,DL-Glutamine,SELP
1860,32016,32,DL-Glutamine,SERPINA5
1861,31783,120,DL-asparagine,SERPINB6
1862,32016,1077,DL-Glutamine,SERPINC1
1863,31783,1077,DL-asparagine,SERPINC1
1864,32016,26,DL-Glutamine,SERPINE1
1865,32016,2668,DL-Glutamine,SGK1
1866,27647,180,DL-Glutamic acid,SGPL1
1867,8660,172,DL-Proline,SHMT1
1868,27647,172,DL-Glutamic acid,SHMT1
1869,9038,207,DL-Isoleucine,SHMT2
1870,27647,207,DL-Glutamic acid,SHMT2
1871,32016,3380,DL-Glutamine,SIRT1
1872,32016,4003,DL-Glutamine,SIRT2
1873,27647,4003,DL-Glutamic acid,SIRT2
1874,27647,1997,DL-Glutamic acid,SIRT3
1875,27647,868,DL-Glutamic acid,SLC12A1
1876,27647,1256,DL-Glutamic acid,SLC12A2
1877,27647,255,DL-Glutamic acid,SLC16A1
1878,8660,5636,DL-Proline,SLC16A10
1879,9038,5636,DL-Isoleucine,SLC16A10
1880,32016,5636,DL-Glutamine,SLC16A10
1881,27647,5636,DL-Glutamic acid,SLC16A10
1882,31783,5636,DL-asparagine,SLC16A10
1883,27647,5115,DL-Glutamic acid,SLC17A6
1884,32016,5110,DL-Glutamine,SLC17A7
1885,27647,5110,DL-Glutamic acid,SLC17A7
1886,27647,5123,DL-Glutamic acid,SLC17A8
1887,27647,782,DL-Glutamic acid,SLC18A2
1888,31783,782,DL-asparagine,SLC18A2
1889,27647,5129,DL-Glutamic acid,SLC18A3
1890,27647,5632,DL-Glutamic acid,SLC19A1
1891,27647,326,DL-Glutamic acid,SLC1A1
1892,32016,416,DL-Glutamine,SLC1A2
1893,27647,416,DL-Glutamic acid,SLC1A2
1894,32016,415,DL-Glutamine,SLC1A3
1895,27647,415,DL-Glutamic acid,SLC1A3
1896,27647,691,DL-Glutamic acid,SLC1A4
1897,27647,418,DL-Glutamic acid,SLC1A6
1898,27647,406,DL-Glutamic acid,SLC1A7
1899,31727,1163,Citrulline,SLC22A4
1900,27647,321,DL-Glutamic acid,SLC25A12
1901,27647,316,DL-Glutamic acid,SLC25A13
1902,31727,316,Citrulline,SLC25A13
1903,31727,335,Citrulline,SLC25A15
1904,27647,432,DL-Glutamic acid,SLC25A18
1905,31727,334,Citrulline,SLC25A2
1906,31727,1167,Citrulline,SLC25A20
1907,27647,433,DL-Glutamic acid,SLC25A22
1908,31727,1166,Citrulline,SLC25A29
1909,9038,745,DL-Isoleucine,SLC25A4
1910,27647,4540,DL-Glutamic acid,SLC2A1
1911,32016,1086,DL-Glutamine,SLC2A2
1912,27647,507,DL-Glutamic acid,SLC32A1
1913,8660,504,DL-Proline,SLC36A1
1914,9038,504,DL-Isoleucine,SLC36A1
1915,32016,504,DL-Glutamine,SLC36A1
1916,8660,5641,DL-Proline,SLC36A2
1917,9038,5641,DL-Isoleucine,SLC36A2
1918,32016,5641,DL-Glutamine,SLC36A2
1919,8660,5640,DL-Proline,SLC36A3
1920,9038,5640,DL-Isoleucine,SLC36A3
1921,32016,5640,DL-Glutamine,SLC36A3
1922,32016,5639,DL-Glutamine,SLC38A1
1923,27647,5639,DL-Glutamic acid,SLC38A1
1924,31783,5639,DL-asparagine,SLC38A1
1925,8660,5828,DL-Proline,SLC38A2
1926,32016,5828,DL-Glutamine,SLC38A2
1927,27647,5828,DL-Glutamic acid,SLC38A2
1928,31783,5828,DL-asparagine,SLC38A2
1929,32016,5649,DL-Glutamine,SLC38A4
1930,32016,371,DL-Glutamine,SLC3A1
1931,27647,371,DL-Glutamic acid,SLC3A1
1932,9038,5646,DL-Isoleucine,SLC43A2
1933,8660,4562,DL-Proline,SLC5A5
1934,9038,4562,DL-Isoleucine,SLC5A5
1935,32016,4562,DL-Glutamine,SLC5A5
1936,27647,4562,DL-Glutamic acid,SLC5A5
1937,8660,265,DL-Proline,SLC5A6
1938,27647,265,DL-Glutamic acid,SLC5A6
1939,27647,1339,DL-Glutamic acid,SLC6A1
1940,27647,3814,DL-Glutamic acid,SLC6A11
1941,27647,3815,DL-Glutamic acid,SLC6A12
1942,27647,3813,DL-Glutamic acid,SLC6A13
1943,27647,786,DL-Glutamic acid,SLC6A2
1944,27647,783,DL-Glutamic acid,SLC6A3
1945,27647,776,DL-Glutamic acid,SLC6A4
1946,27647,509,DL-Glutamic acid,SLC6A5
1947,8660,762,DL-Proline,SLC6A7
1948,27647,762,DL-Glutamic acid,SLC6A7
1949,27647,520,DL-Glutamic acid,SLC6A8
1950,27647,510,DL-Glutamic acid,SLC6A9
1951,8660,278,DL-Proline,SLC7A1
1952,32016,278,DL-Glutamine,SLC7A1
1953,27647,278,DL-Glutamic acid,SLC7A1
1954,31783,278,DL-asparagine,SLC7A1
1955,27647,368,DL-Glutamic acid,SLC7A11
1956,8660,5633,DL-Proline,SLC7A13
1957,32016,5633,DL-Glutamine,SLC7A13
1958,27647,5633,DL-Glutamic acid,SLC7A13
1959,31727,5633,Citrulline,SLC7A13
1960,8660,281,DL-Proline,SLC7A2
1961,32016,281,DL-Glutamine,SLC7A2
1962,27647,281,DL-Glutamic acid,SLC7A2
1963,31783,281,DL-asparagine,SLC7A2
1964,31727,281,Citrulline,SLC7A2
1965,8660,280,DL-Proline,SLC7A3
1966,32016,280,DL-Glutamine,SLC7A3
1967,27647,280,DL-Glutamic acid,SLC7A3
1968,31783,280,DL-asparagine,SLC7A3
1969,8660,279,DL-Proline,SLC7A4
1970,32016,279,DL-Glutamine,SLC7A4
1971,27647,279,DL-Glutamic acid,SLC7A4
1972,31783,279,DL-asparagine,SLC7A4
1973,9038,4355,DL-Isoleucine,SLC7A5
1974,32016,5647,DL-Glutamine,SLC7A6
1975,31727,5637,Citrulline,SLC7A7
1976,9038,257,DL-Isoleucine,SLC7A8
1977,32016,257,DL-Glutamine,SLC7A8
1978,31783,257,DL-asparagine,SLC7A8
1979,27647,358,DL-Glutamic acid,SLC8A1
1980,27647,5111,DL-Glutamic acid,SLC9A2
1981,27647,39044,DL-Glutamic acid,SLC9C2
1982,32016,3254,DL-Glutamine,SMAD2
1983,32016,4656,DL-Glutamine,SMAD7
1984,32016,2065,DL-Glutamine,SNRPA
1985,32016,4509,DL-Glutamine,SOCS3
1986,32016,2730,DL-Glutamine,SOD1
1987,27647,2730,DL-Glutamic acid,SOD1
1988,32016,2687,DL-Glutamine,SOD2
1989,27647,2687,DL-Glutamic acid,SOD2
1990,31727,2687,Citrulline,SOD2
1991,27647,551,DL-Glutamic acid,SORD
1992,32016,5684,DL-Glutamine,SPG7
1993,27647,5684,DL-Glutamic acid,SPG7
1994,31783,4767,DL-asparagine,SPINK1
1995,32016,4279,DL-Glutamine,SPP1
1996,31727,1246,Citrulline,SQLE
1997,9038,1476,DL-Isoleucine,SRC
1998,32016,1476,DL-Glutamine,SRC
1999,27647,1476,DL-Glutamic acid,SRC
2000,31783,1476,DL-asparagine,SRC
2001,27647,220,DL-Glutamic acid,SRR
2002,37522,1320,Triacontanol,SST
2003,32016,1320,DL-Glutamine,SST
2004,27647,1320,DL-Glutamic acid,SST
2005,27647,158,DL-Glutamic acid,SSTR5
2006,32016,3889,DL-Glutamine,STAT1
2007,27647,3889,DL-Glutamic acid,STAT1
2008,32016,4667,DL-Glutamine,STAT3
2009,27647,4667,DL-Glutamic acid,STAT3
2010,32016,5393,DL-Glutamine,STAT5A
2011,32016,1480,DL-Glutamine,STAT5B
2012,32016,4101,DL-Glutamine,STAT6
2013,8660,4883,DL-Proline,SULT4A1
2014,9038,4883,DL-Isoleucine,SULT4A1
2015,32016,2958,DL-Glutamine,SUOX
2016,27647,2958,DL-Glutamic acid,SUOX
2017,31727,2958,Citrulline,SUOX
2018,27647,1468,DL-Glutamic acid,SV2A
2019,32016,1956,DL-Glutamine,SYK
2020,32016,1564,DL-Glutamine,SYN1
2021,27647,1564,DL-Glutamic acid,SYN1
2022,27647,1220,DL-Glutamic acid,TACR1
2023,32016,5494,DL-Glutamine,TAP1
2024,27647,5494,DL-Glutamic acid,TAP1
2025,9038,547,DL-Isoleucine,TARS
2026,9038,548,DL-Isoleucine,TARS2
2027,27647,719,DL-Glutamic acid,TAS1R2
2028,32016,5094,DL-Glutamine,TASP1
2029,32016,181,DL-Glutamine,TAT
2030,27647,181,DL-Glutamic acid,TAT
2031,9038,1297,DL-Isoleucine,TBXAS1
2032,32016,1119,DL-Glutamine,TERT
2033,32016,4628,DL-Glutamine,TFRC
2034,27647,4628,DL-Glutamic acid,TFRC
2035,31783,4628,DL-asparagine,TFRC
2036,32016,4910,DL-Glutamine,TG
2037,31783,4910,DL-asparagine,TG
2038,32016,4171,DL-Glutamine,TGFA
2039,32016,127,DL-Glutamine,TGFB1
2040,27647,127,DL-Glutamic acid,TGFB1
2041,32016,2936,DL-Glutamine,TGFBR1
2042,9038,39032,DL-Isoleucine,TGIF2LY
2043,32016,5823,DL-Glutamine,TGM1
2044,32016,3153,DL-Glutamine,TGM2
2045,32016,1780,DL-Glutamine,TGM3
2046,32016,5076,DL-Glutamine,TGM4
2047,32016,5819,DL-Glutamine,TGM5
2048,32016,5852,DL-Glutamine,TGM7
2049,8660,262,DL-Proline,TH
2050,9038,262,DL-Isoleucine,TH
2051,32016,262,DL-Glutamine,TH
2052,27647,262,DL-Glutamic acid,TH
2053,9038,183,DL-Isoleucine,THNSL1
2054,27647,183,DL-Glutamic acid,THNSL1
2055,9038,970,DL-Isoleucine,THRB
2056,31783,970,DL-asparagine,THRB
2057,27647,4144,DL-Glutamic acid,TKT
2058,32016,104,DL-Glutamine,TLR2
2059,27647,104,DL-Glutamic acid,TLR2
2060,32016,3864,DL-Glutamine,TLR3
2061,32016,1463,DL-Glutamine,TLR4
2062,27647,1463,DL-Glutamic acid,TLR4
2063,32016,1243,DL-Glutamine,TLR7
2064,32016,1244,DL-Glutamine,TLR8
2065,32016,1181,DL-Glutamine,TLR9
2066,32016,4384,DL-Glutamine,TNC
2067,9038,17,DL-Isoleucine,TNF
2068,32016,17,DL-Glutamine,TNF
2069,27647,17,DL-Glutamic acid,TNF
2070,31727,17,Citrulline,TNF
2071,31727,4290,Citrulline,TNFAIP3
2072,32016,3934,DL-Glutamine,TNFRSF10A
2073,32016,3466,DL-Glutamine,TNFRSF10B
2074,32016,2794,DL-Glutamine,TNFRSF1A
2075,27647,2794,DL-Glutamic acid,TNFRSF1A
2076,32016,18,DL-Glutamine,TNFRSF1B
2077,32016,1112,DL-Glutamine,TNFSF11
2078,32016,2693,DL-Glutamine,TNFSF13B
2079,9038,1316,DL-Isoleucine,TNNC1
2080,32016,1261,DL-Glutamine,TOP1
2081,9038,881,DL-Isoleucine,TOP2A
2082,27647,881,DL-Glutamic acid,TOP2A
2083,31783,881,DL-asparagine,TOP2A
2084,9038,1049,DL-Isoleucine,TOP2B
2085,27647,1049,DL-Glutamic acid,TOP2B
2086,31783,1049,DL-asparagine,TOP2B
2087,9038,1360,DL-Isoleucine,TP53
2088,32016,1360,DL-Glutamine,TP53
2089,27647,1360,DL-Glutamic acid,TP53
2090,32016,4108,DL-Glutamine,TP53BP1
2091,8660,1033,DL-Proline,TPH1
2092,27647,1033,DL-Glutamic acid,TPH1
2093,27647,1603,DL-Glutamic acid,TPI1
2094,27647,1474,DL-Glutamic acid,TPMT
2095,8660,4575,DL-Proline,TPP2
2096,9038,4575,DL-Isoleucine,TPP2
2097,32016,4575,DL-Glutamine,TPP2
2098,27647,4575,DL-Glutamic acid,TPP2
2099,31783,4575,DL-asparagine,TPP2
2100,32016,39245,DL-Glutamine,TPRX1
2101,9038,4867,DL-Isoleucine,TPST1
2102,32016,4516,DL-Glutamine,TRPC3
2103,27647,4516,DL-Glutamic acid,TRPC3
2104,27647,3185,DL-Glutamic acid,TRPM7
2105,9038,808,DL-Isoleucine,TSPO
2106,32016,808,DL-Glutamine,TSPO
2107,27647,808,DL-Glutamic acid,TSPO
2108,31783,808,DL-asparagine,TSPO
2109,31727,808,Citrulline,TSPO
2110,8660,3940,DL-Proline,TTR
2111,9038,3940,DL-Isoleucine,TTR
2112,32016,3940,DL-Glutamine,TTR
2113,32016,3141,DL-Glutamine,TUFM
2114,32016,3886,DL-Glutamine,TXN
2115,27647,3886,DL-Glutamic acid,TXN
2116,32016,3318,DL-Glutamine,TYK2
2117,8660,983,DL-Proline,TYMS
2118,9038,983,DL-Isoleucine,TYMS
2119,32016,983,DL-Glutamine,TYMS
2120,27647,983,DL-Glutamic acid,TYMS
2121,31783,983,DL-asparagine,TYMS
2122,8660,681,DL-Proline,TYR
2123,9038,681,DL-Isoleucine,TYR
2124,32016,681,DL-Glutamine,TYR
2125,27647,681,DL-Glutamic acid,TYR
2126,31783,681,DL-asparagine,TYR
2127,32016,5368,DL-Glutamine,TYRO3
2128,27647,5368,DL-Glutamic acid,TYRO3
2129,8660,3005,DL-Proline,UBA1
2130,8660,3927,DL-Proline,UBA3
2131,8660,4972,DL-Proline,UBA52
2132,9038,4972,DL-Isoleucine,UBA52
2133,32016,4972,DL-Glutamine,UBA52
2134,27647,4972,DL-Glutamic acid,UBA52
2135,31783,4972,DL-asparagine,UBA52
2136,8660,2304,DL-Proline,UBB
2137,9038,2304,DL-Isoleucine,UBB
2138,32016,2304,DL-Glutamine,UBB
2139,27647,2304,DL-Glutamic acid,UBB
2140,31783,2304,DL-asparagine,UBB
2141,8660,3235,DL-Proline,UBC
2142,9038,3235,DL-Isoleucine,UBC
2143,32016,3235,DL-Glutamine,UBC
2144,27647,3235,DL-Glutamic acid,UBC
2145,31783,3235,DL-asparagine,UBC
2146,32016,4517,DL-Glutamine,UBE3A
2147,27647,4517,DL-Glutamic acid,UBE3A
2148,31727,1536,Citrulline,UCKL1
2149,27647,4140,DL-Glutamic acid,UCP2
2150,9038,549,DL-Isoleucine,UGDH
2151,8660,2467,DL-Proline,UMPS
2152,9038,2467,DL-Isoleucine,UMPS
2153,32016,2467,DL-Glutamine,UMPS
2154,27647,2467,DL-Glutamic acid,UMPS
2155,31783,2467,DL-asparagine,UMPS
2156,31727,2467,Citrulline,UMPS
2157,27647,4518,DL-Glutamic acid,UNC13B
2158,32016,3522,DL-Glutamine,UNG
2159,27647,3371,DL-Glutamic acid,UPP1
2160,27647,3020,DL-Glutamic acid,UQCRC1
2161,31783,3020,DL-asparagine,UQCRC1
2162,27647,3021,DL-Glutamic acid,UQCRC2
2163,31783,3021,DL-asparagine,UQCRC2
2164,32016,2851,DL-Glutamine,UROD
2165,27647,2851,DL-Glutamic acid,UROD
2166,31783,2851,DL-asparagine,UROD
2167,31727,2851,Citrulline,UROD
2168,32016,99,DL-Glutamine,VAMP2
2169,27647,99,DL-Glutamic acid,VAMP2
2170,9038,692,DL-Isoleucine,VARS
2171,27647,692,DL-Glutamic acid,VARS
2172,31783,692,DL-asparagine,VARS
2173,8660,5623,DL-Proline,VASP
2174,32016,1445,DL-Glutamine,VCAM1
2175,32016,5811,DL-Glutamine,VCL
2176,32016,3184,DL-Glutamine,VCP
2177,32016,367,DL-Glutamine,VDR
2178,8660,166,DL-Proline,VEGFA
2179,9038,166,DL-Isoleucine,VEGFA
2180,32016,166,DL-Glutamine,VEGFA
2181,27647,166,DL-Glutamic acid,VEGFA
2182,31783,166,DL-asparagine,VEGFA
2183,27647,5812,DL-Glutamic acid,VIM
2184,32016,113,DL-Glutamine,VTN
2185,32016,49,DL-Glutamine,VWF
2186,31783,49,DL-asparagine,VWF
2187,9038,528,DL-Isoleucine,WARS
2188,9038,526,DL-Isoleucine,WARS2
2189,32016,4681,DL-Glutamine,WWP1
2190,31727,4681,Citrulline,WWP1
2191,31727,4654,Citrulline,WWP2
2192,32016,1092,DL-Glutamine,XDH
2193,32016,2354,DL-Glutamine,XIAP
2194,8660,5196,DL-Proline,XPNPEP2
2195,32016,5559,DL-Glutamine,XRCC6
2196,8660,366,DL-Proline,YARS
2197,32016,366,DL-Glutamine,YARS
2198,32016,365,DL-Glutamine,YARS2
3789,27647,4892,DL-Glutamic acid,ZMPSTE24
