FD2: TOM formula 2 known to treat Diabetes mellitus,,,,
Idx,compID,geneID,CompName_afterADMET,GeneSymbol
3169,27647,5008,DL-Glutamic acid,AADAC
3057,27647,39114,DL-Glutamic acid,AADACL4
2999,27647,177,DL-Glutamic acid,AADAT
2988,27647,1694,DL-Glutamic acid,AANAT
718,9038,690,DL-Isoleucine,AARS
3432,31783,690,DL-asparagine,AARS
2104,27647,434,DL-Glutamic acid,AASS
3623,31727,434,Citrulline,AASS
1013,32016,730,DL-Glutamine,ABCA1
2108,27647,746,DL-Glutamic acid,ABCC8
1867,32016,3338,DL-Glutamine,ABCG2
132,8660,5005,DL-Proline,ABHD5
3195,31783,5005,DL-asparagine,ABHD5
675,9038,5097,DL-Isoleucine,ACAA2
515,9038,267,DL-Isoleucine,ACACB
2139,27647,267,DL-Glutamic acid,ACACB
3585,31783,267,DL-asparagine,ACACB
543,9038,717,DL-Isoleucine,ACADSB
697,9038,1296,DL-Isoleucine,ACAT1
1710,32016,2628,DL-Glutamine,ACCS
2967,27647,2628,DL-Glutamic acid,ACCS
972,32016,39139,DL-Glutamine,ACCSL
2842,27647,39139,DL-Glutamic acid,ACCSL
253,8660,778,DL-Proline,ACE
1571,32016,778,DL-Glutamine,ACE
2523,27647,778,DL-Glutamic acid,ACE
2438,27647,5805,DL-Glutamic acid,ACO1
1985,32016,1632,DL-Glutamine,ACO2
2760,27647,1632,DL-Glutamic acid,ACO2
216,8660,2737,DL-Proline,ACPP
1356,32016,2737,DL-Glutamine,ACPP
2388,27647,2737,DL-Glutamic acid,ACPP
3515,31783,2737,DL-asparagine,ACPP
1114,32016,2350,DL-Glutamine,ACTA1
3272,31783,2350,DL-asparagine,ACTA1
1039,32016,1144,DL-Glutamine,ADA
2174,27647,1144,DL-Glutamic acid,ADA
2667,27647,5669,DL-Glutamic acid,ADAMTS2
2865,27647,5586,DL-Glutamic acid,ADAR
1242,32016,2333,DL-Glutamine,ADCY2
2316,27647,2333,DL-Glutamic acid,ADCY2
3310,31783,2333,DL-asparagine,ADCY2
2537,27647,4804,DL-Glutamic acid,ADCY8
1407,32016,5294,DL-Glutamine,ADGRB1
771,9038,550,DL-Isoleucine,ADH1A
636,9038,554,DL-Isoleucine,ADH1B
699,9038,552,DL-Isoleucine,ADH4
657,9038,558,DL-Isoleucine,ADH5
772,9038,555,DL-Isoleucine,ADH7
2442,27647,839,DL-Glutamic acid,ADORA1
1293,32016,840,DL-Glutamine,ADORA2A
2344,27647,840,DL-Glutamic acid,ADORA2A
2860,27647,3863,DL-Glutamic acid,ADORA3
3261,31783,788,DL-asparagine,ADRB1
802,9038,5107,DL-Isoleucine,ADSL
3758,31727,4381,Citrulline,AFP
3338,31783,5652,DL-asparagine,AGAP2
1954,32016,5514,DL-Glutamine,AGO2
2522,27647,4145,DL-Glutamic acid,AGRP
1115,32016,3411,DL-Glutamine,AGT
3074,27647,3411,DL-Glutamic acid,AGT
1586,32016,2563,DL-Glutamine,AIFM1
2535,27647,2563,DL-Glutamic acid,AIFM1
688,9038,738,DL-Isoleucine,AKT1
1638,32016,738,DL-Glutamine,AKT1
2576,27647,738,DL-Glutamic acid,AKT1
3415,31783,738,DL-asparagine,AKT1
3768,31727,738,Citrulline,AKT1
929,32016,3628,DL-Glutamine,AKT2
2034,32016,1331,DL-Glutamine,ALAD
2784,27647,1331,DL-Glutamic acid,ALAD
249,8660,4730,DL-Proline,ALB
661,9038,4730,DL-Isoleucine,ALB
1549,32016,4730,DL-Glutamine,ALB
2502,27647,4730,DL-Glutamic acid,ALB
3391,31783,4730,DL-asparagine,ALB
3704,31727,4730,Citrulline,ALB
20,8660,446,DL-Proline,ALDH18A1
533,9038,446,DL-Isoleucine,ALDH18A1
1050,32016,446,DL-Glutamine,ALDH18A1
2188,27647,446,DL-Glutamic acid,ALDH18A1
90,8660,605,DL-Proline,ALDH1A1
2936,27647,605,DL-Glutamic acid,ALDH1A1
113,8660,612,DL-Proline,ALDH1A2
2990,27647,612,DL-Glutamic acid,ALDH1A2
78,8660,608,DL-Proline,ALDH1A3
2898,27647,608,DL-Glutamic acid,ALDH1A3
70,8660,609,DL-Proline,ALDH1B1
2844,27647,609,DL-Glutamic acid,ALDH1B1
66,8660,234,DL-Proline,ALDH1L1
2837,27647,234,DL-Glutamic acid,ALDH1L1
108,8660,598,DL-Proline,ALDH2
2971,27647,598,DL-Glutamic acid,ALDH2
118,8660,604,DL-Proline,ALDH3A1
3000,27647,604,DL-Glutamic acid,ALDH3A1
75,8660,613,DL-Proline,ALDH3A2
2885,27647,613,DL-Glutamic acid,ALDH3A2
124,8660,602,DL-Proline,ALDH3B2
2985,27647,602,DL-Glutamic acid,ALDH3B2
93,8660,628,DL-Proline,ALDH4A1
1573,32016,628,DL-Glutamine,ALDH4A1
2525,27647,628,DL-Glutamic acid,ALDH4A1
3404,31783,628,DL-asparagine,ALDH4A1
82,8660,386,DL-Proline,ALDH5A1
2418,27647,386,DL-Glutamic acid,ALDH5A1
79,8660,603,DL-Proline,ALDH6A1
2889,27647,603,DL-Glutamic acid,ALDH6A1
67,8660,614,DL-Proline,ALDH7A1
2829,27647,614,DL-Glutamic acid,ALDH7A1
74,8660,607,DL-Proline,ALDH9A1
2884,27647,607,DL-Glutamic acid,ALDH9A1
814,9038,2293,DL-Isoleucine,ALDOA
810,9038,2294,DL-Isoleucine,ALDOB
933,32016,731,DL-Glutamine,ALK
622,9038,4778,DL-Isoleucine,ALOX12B
510,9038,4188,DL-Isoleucine,ALOX15B
2156,27647,707,DL-Glutamic acid,ALOX5
623,9038,4777,DL-Isoleucine,ALOXE3
163,8660,4715,DL-Proline,ALPL
525,9038,4715,DL-Isoleucine,ALPL
1010,32016,4715,DL-Glutamine,ALPL
2150,27647,4715,DL-Glutamic acid,ALPL
3234,31783,4715,DL-asparagine,ALPL
149,8660,3751,DL-Proline,ALPP
503,9038,3751,DL-Isoleucine,ALPP
930,32016,3751,DL-Glutamine,ALPP
2106,27647,3751,DL-Glutamic acid,ALPP
3211,31783,3751,DL-asparagine,ALPP
250,8660,1322,DL-Proline,ALPPL2
663,9038,1322,DL-Isoleucine,ALPPL2
1551,32016,1322,DL-Glutamine,ALPPL2
2506,27647,1322,DL-Glutamic acid,ALPPL2
3393,31783,1322,DL-asparagine,ALPPL2
1291,32016,2531,DL-Glutamine,ANG
2363,27647,39184,DL-Glutamic acid,ANKRD45
2933,27647,1366,DL-Glutamic acid,ANPEP
1214,32016,77,DL-Glutamine,ANXA2
1537,32016,2284,DL-Glutamine,ANXA5
2876,27647,1174,DL-Glutamic acid,AOC1
1414,32016,1271,DL-Glutamine,AOC3
2037,32016,2795,DL-Glutamine,AOX1
1151,32016,740,DL-Glutamine,APAF1
2258,27647,740,DL-Glutamic acid,APAF1
123,8660,1557,DL-Proline,APCS
115,8660,4661,DL-Proline,APOA1
1870,32016,4661,DL-Glutamine,APOA1
1877,32016,3941,DL-Glutamine,APOB
1817,32016,124,DL-Glutamine,APOE
2666,27647,124,DL-Glutamic acid,APOE
676,9038,2093,DL-Isoleucine,APP
1593,32016,2093,DL-Glutamine,APP
2541,27647,2093,DL-Glutamic acid,APP
3488,31783,5092,DL-asparagine,AQP2
1014,32016,1042,DL-Glutamine,AR
2151,27647,1042,DL-Glutamic acid,AR
62,8660,2436,DL-Proline,ARF1
180,8660,332,DL-Proline,ARG1
547,9038,332,DL-Isoleucine,ARG1
2866,27647,332,DL-Glutamic acid,ARG1
3265,31783,332,DL-asparagine,ARG1
3608,31727,332,Citrulline,ARG1
282,8660,286,DL-Proline,ARG2
717,9038,286,DL-Isoleucine,ARG2
2970,27647,286,DL-Glutamic acid,ARG2
3431,31783,286,DL-asparagine,ARG2
3601,31727,286,Citrulline,ARG2
3176,27647,1712,DL-Glutamic acid,ARSA
1458,32016,284,DL-Glutamine,ASL
2449,27647,284,DL-Glutamic acid,ASL
3606,31727,284,Citrulline,ASL
3050,27647,1416,DL-Glutamic acid,ASMT
2003,32016,318,DL-Glutamine,ASNS
2773,27647,318,DL-Glutamic acid,ASNS
3489,31783,318,DL-asparagine,ASNS
3220,31783,322,DL-asparagine,ASPH
1003,32016,5405,DL-Glutamine,ASPN
3230,31783,5405,DL-asparagine,ASPN
1499,32016,328,DL-Glutamine,ASRGL1
3121,27647,328,DL-Glutamic acid,ASRGL1
3378,31783,328,DL-asparagine,ASRGL1
1813,32016,287,DL-Glutamine,ASS1
2664,27647,287,DL-Glutamic acid,ASS1
3603,31727,287,Citrulline,ASS1
3187,31783,5867,DL-asparagine,ATF6B
1869,32016,235,DL-Glutamine,ATIC
2995,27647,235,DL-Glutamic acid,ATIC
1615,32016,848,DL-Glutamine,ATM
2554,27647,848,DL-Glutamic acid,ATM
2245,27647,4182,DL-Glutamic acid,ATP1A2
2809,27647,3072,DL-Glutamic acid,ATP5A1
1748,32016,3073,DL-Glutamine,ATP5B
1976,32016,2266,DL-Glutamine,AURKA
2127,27647,4196,DL-Glutamic acid,AVP
1736,32016,3219,DL-Glutamine,AXIN1
3708,31727,188,Citrulline,AZIN2
202,8660,2403,DL-Proline,B2M
584,9038,2403,DL-Isoleucine,B2M
1262,32016,2403,DL-Glutamine,B2M
2892,27647,2403,DL-Glutamic acid,B2M
3513,31783,2403,DL-asparagine,B2M
3669,31727,2403,Citrulline,B2M
1450,32016,1591,DL-Glutamine,B3GAT1
1380,32016,2165,DL-Glutamine,BACE1
2404,27647,2165,DL-Glutamic acid,BACE1
1560,32016,4943,DL-Glutamine,BAX
2516,27647,4943,DL-Glutamic acid,BAX
725,9038,199,DL-Isoleucine,BCAT1
2818,27647,199,DL-Glutamic acid,BCAT1
608,9038,200,DL-Isoleucine,BCAT2
2801,27647,200,DL-Glutamic acid,BCAT2
689,9038,5816,DL-Isoleucine,BCKDHA
1640,32016,5816,DL-Glutamine,BCKDHA
2956,27647,5816,DL-Glutamic acid,BCKDHA
619,9038,5842,DL-Isoleucine,BCKDHB
2913,27647,5842,DL-Glutamic acid,BCKDHB
1327,32016,1404,DL-Glutamine,BCL2
2366,27647,1404,DL-Glutamic acid,BCL2
1490,32016,3530,DL-Glutamine,BCL2L1
2469,27647,3530,DL-Glutamic acid,BCL2L1
641,9038,3481,DL-Isoleucine,BCR
1484,32016,3481,DL-Glutamine,BCR
838,32016,3373,DL-Glutamine,BDNF
2046,27647,3373,DL-Glutamic acid,BDNF
2903,27647,5446,DL-Glutamic acid,BGN
1501,32016,3391,DL-Glutamine,BIRC5
2473,27647,3391,DL-Glutamic acid,BIRC5
2927,27647,4576,DL-Glutamic acid,BMP1
1179,32016,5225,DL-Glutamine,BRCA1
962,32016,4602,DL-Glutamine,BRCA2
1589,32016,910,DL-Glutamine,CA2
2539,27647,910,DL-Glutamic acid,CA2
1148,32016,890,DL-Glutamine,CACNA1A
2254,27647,890,DL-Glutamic acid,CACNA1A
2557,27647,1050,DL-Glutamic acid,CACNA1B
3144,27647,954,DL-Glutamic acid,CACNA1C
3131,27647,959,DL-Glutamic acid,CACNA1D
3070,27647,4177,DL-Glutamic acid,CACNA1E
2146,27647,1060,DL-Glutamic acid,CACNA1F
3084,27647,1026,DL-Glutamic acid,CACNA1G
3100,27647,957,DL-Glutamic acid,CACNA1H
1120,32016,960,DL-Glutamine,CACNA1S
2233,27647,960,DL-Glutamic acid,CACNA1S
1689,32016,324,DL-Glutamine,CAD
2962,27647,324,DL-Glutamic acid,CAD
3579,31783,324,DL-asparagine,CAD
3738,31727,324,Citrulline,CAD
1326,32016,4926,DL-Glutamine,CADM1
2362,27647,3340,DL-Glutamic acid,CALCA
564,9038,1108,DL-Isoleucine,CALM1
1187,32016,1108,DL-Glutamine,CALM1
2283,27647,1108,DL-Glutamic acid,CALM1
3292,31783,1108,DL-asparagine,CALM1
3656,31727,1108,Citrulline,CALM1
670,9038,8890,DL-Isoleucine,CALM3
1569,32016,8890,DL-Glutamine,CALM3
2521,27647,8890,DL-Glutamic acid,CALM3
3401,31783,8890,DL-asparagine,CALM3
3716,31727,8890,Citrulline,CALM3
218,8660,53,DL-Proline,CALR
613,9038,53,DL-Isoleucine,CALR
1367,32016,53,DL-Glutamine,CALR
2909,27647,53,DL-Glutamic acid,CALR
3343,31783,53,DL-asparagine,CALR
2084,27647,3004,DL-Glutamic acid,CAMK2A
2650,27647,3533,DL-Glutamic acid,CAMK2B
2893,27647,3636,DL-Glutamic acid,CAMK2D
2401,27647,3484,DL-Glutamic acid,CAMK2G
2549,27647,3600,DL-Glutamic acid,CAMK4
3459,31783,2320,DL-asparagine,CAPNS1
2136,27647,1839,DL-Glutamic acid,CASK
845,32016,1381,DL-Glutamine,CASP1
2050,27647,1381,DL-Glutamic acid,CASP1
1410,32016,5788,DL-Glutamine,CASP2
1421,32016,1382,DL-Glutamine,CASP3
2428,27647,1382,DL-Glutamic acid,CASP3
3359,31783,1382,DL-asparagine,CASP3
3196,31783,5789,DL-asparagine,CASP4
1679,32016,4671,DL-Glutamine,CASP6
1173,32016,4256,DL-Glutamine,CASP8
2272,27647,4256,DL-Glutamic acid,CASP8
1324,32016,4565,DL-Glutamine,CASP9
913,32016,1509,DL-Glutamine,CAST
2095,27647,1509,DL-Glutamic acid,CAST
303,8660,1471,DL-Proline,CAT
735,9038,1471,DL-Isoleucine,CAT
1861,32016,1471,DL-Glutamine,CAT
2696,27647,1471,DL-Glutamic acid,CAT
3463,31783,1471,DL-asparagine,CAT
3747,31727,1471,Citrulline,CAT
1276,32016,4302,DL-Glutamine,CAV1
3672,31727,4302,Citrulline,CAV1
1704,32016,4421,DL-Glutamine,CBL
1229,32016,4301,DL-Glutamine,CBS
2306,27647,4301,DL-Glutamic acid,CBS
3306,31783,4301,DL-asparagine,CBS
1492,32016,182,DL-Glutamine,CCBL1
2931,27647,182,DL-Glutamic acid,CCBL1
1774,32016,213,DL-Glutamine,CCBL2
2977,27647,213,DL-Glutamic acid,CCBL2
1295,32016,4235,DL-Glutamine,CCK
2346,27647,4235,DL-Glutamic acid,CCK
3097,27647,791,DL-Glutamic acid,CCKBR
1922,32016,5735,DL-Glutamine,CCL1
1921,32016,5734,DL-Glutamine,CCL13
1964,32016,5032,DL-Glutamine,CCL17
1442,32016,5754,DL-Glutamine,CCL19
1923,32016,1408,DL-Glutamine,CCL2
2726,27647,1408,DL-Glutamic acid,CCL2
1169,32016,5756,DL-Glutamine,CCL20
1782,32016,4024,DL-Glutamine,CCL21
2646,27647,4024,DL-Glutamic acid,CCL21
1965,32016,4325,DL-Glutamine,CCL22
1631,32016,2014,DL-Glutamine,CCNA2
3719,31727,2014,Citrulline,CCNA2
1795,32016,4161,DL-Glutamine,CCNB1
1912,32016,1461,DL-Glutamine,CCND1
2719,27647,1461,DL-Glutamic acid,CCND1
1769,32016,4963,DL-Glutamine,CCND2
1037,32016,4959,DL-Glutamine,CCND3
1729,32016,4441,DL-Glutamine,CCNE1
909,32016,4968,DL-Glutamine,CCNF
825,32016,4962,DL-Glutamine,CCNH
1542,32016,3913,DL-Glutamine,CCR1
669,9038,3389,DL-Isoleucine,CCR2
1565,32016,3389,DL-Glutamine,CCR2
1180,32016,3909,DL-Glutamine,CCR3
16,8660,3336,DL-Proline,CCR5
668,9038,3336,DL-Isoleucine,CCR5
1564,32016,3336,DL-Glutamine,CCR5
3399,31783,3336,DL-asparagine,CCR5
1838,32016,4023,DL-Glutamine,CCR7
1478,32016,4200,DL-Glutamine,CD14
1406,32016,3896,DL-Glutamine,CD19
1073,32016,145,DL-Glutamine,CD2
1396,32016,4481,DL-Glutamine,CD209
2014,32016,3353,DL-Glutamine,CD22
1664,32016,3985,DL-Glutamine,CD27
1373,32016,3957,DL-Glutamine,CD276
1351,32016,3910,DL-Glutamine,CD28
1739,32016,122,DL-Glutamine,CD33
1448,32016,4079,DL-Glutamine,CD36
1919,32016,3968,DL-Glutamine,CD38
1505,32016,132,DL-Glutamine,CD3D
1132,32016,133,DL-Glutamine,CD3E
781,9038,150,DL-Isoleucine,CD4
2020,32016,150,DL-Glutamine,CD4
2781,27647,150,DL-Glutamic acid,CD4
3491,31783,150,DL-asparagine,CD4
1044,32016,3905,DL-Glutamine,CD40
1056,32016,4201,DL-Glutamine,CD40LG
3064,27647,4201,DL-Glutamic acid,CD40LG
1616,32016,3798,DL-Glutamine,CD44
1391,32016,1099,DL-Glutamine,CD55
744,9038,4507,DL-Isoleucine,CD69
1907,32016,4507,DL-Glutamine,CD69
1840,32016,3942,DL-Glutamine,CD70
1942,32016,4935,DL-Glutamine,CD79A
3757,31727,4935,Citrulline,CD79A
1700,32016,1493,DL-Glutamine,CD80
970,32016,4914,DL-Glutamine,CD83
1313,32016,149,DL-Glutamine,CD86
3590,31783,149,DL-asparagine,CD86
782,9038,3442,DL-Isoleucine,CD9
2021,32016,3442,DL-Glutamine,CD9
2782,27647,3442,DL-Glutamic acid,CD9
1007,32016,2616,DL-Glutamine,CDA
2149,27647,2616,DL-Glutamic acid,CDA
1482,32016,4179,DL-Glutamine,CDC25A
1359,32016,4181,DL-Glutamine,CDC25C
1399,32016,2352,DL-Glutamine,CDC42
2420,27647,2352,DL-Glutamic acid,CDC42
3353,31783,2352,DL-asparagine,CDC42
3076,27647,5392,DL-Glutamic acid,CDC42BPB
1758,32016,4567,DL-Glutamine,CDH1
1643,32016,3898,DL-Glutamine,CDH2
2580,27647,3898,DL-Glutamic acid,CDH2
1234,32016,1113,DL-Glutamine,CDH5
1660,32016,1680,DL-Glutamine,CDK2
2588,27647,1680,DL-Glutamic acid,CDK2
3739,31727,1680,Citrulline,CDK2
1789,32016,2400,DL-Glutamine,CDK4
2651,27647,2400,DL-Glutamic acid,CDK4
1527,32016,1986,DL-Glutamine,CDK5
2489,27647,1986,DL-Glutamic acid,CDK5
1668,32016,2791,DL-Glutamine,CDK6
1848,32016,4376,DL-Glutamine,CDKN1A
2690,27647,4376,DL-Glutamic acid,CDKN1A
1903,32016,5462,DL-Glutamine,CDKN1B
1121,32016,4341,DL-Glutamine,CDKN2A
2235,27647,4341,DL-Glutamic acid,CDKN2A
3397,31783,1755,DL-asparagine,CELA1
3707,31727,1755,Citrulline,CELA1
3318,31783,5163,DL-asparagine,CELA3B
2437,27647,3045,DL-Glutamic acid,CFL1
1412,32016,4504,DL-Glutamine,CFLAR
2022,32016,1332,DL-Glutamine,CFTR
2783,27647,1332,DL-Glutamic acid,CFTR
3066,27647,4240,DL-Glutamic acid,CGA
2342,27647,804,DL-Glutamic acid,CHAT
1614,32016,3398,DL-Glutamine,CHEK1
3718,31727,3398,Citrulline,CHEK1
106,8660,2539,DL-Proline,CHIT1
1514,32016,3579,DL-Glutamine,CHRFAM7A
3028,27647,940,DL-Glutamic acid,CHRM4
2415,27647,796,DL-Glutamic acid,CHRNA3
2195,27647,792,DL-Glutamic acid,CHRNA4
1481,32016,793,DL-Glutamine,CHRNA7
2528,27647,801,DL-Glutamic acid,CHRNB3
2634,27647,802,DL-Glutamic acid,CHRNB4
1517,32016,518,DL-Glutamine,CKB
3125,27647,518,DL-Glutamic acid,CKB
3172,27647,516,DL-Glutamic acid,CKM
2636,27647,5730,DL-Glutamic acid,CLCN3
2125,27647,5711,DL-Glutamic acid,CLCN4
3166,27647,5707,DL-Glutamic acid,CLCN6
409,9038,5544,DL-Isoleucine,CLUH
214,8660,5208,DL-Proline,CNDP2
604,9038,5208,DL-Isoleucine,CNDP2
1348,32016,5208,DL-Glutamine,CNDP2
2905,27647,5208,DL-Glutamic acid,CNDP2
3514,31783,5208,DL-asparagine,CNDP2
1071,32016,1105,DL-Glutamine,CNR1
2204,27647,1105,DL-Glutamic acid,CNR1
2154,27647,1106,DL-Glutamic acid,CNR2
1116,32016,4121,DL-Glutamine,CNTF
2231,27647,4121,DL-Glutamic acid,CNTF
1319,32016,4413,DL-Glutamine,CNTN2
2364,27647,4413,DL-Glutamic acid,CNTN2
94,8660,5431,DL-Proline,COL14A1
422,9038,5431,DL-Isoleucine,COL14A1
1155,32016,5457,DL-Glutamine,COL18A1
3082,27647,5457,DL-Glutamic acid,COL18A1
119,8660,1510,DL-Proline,COMP
450,9038,1510,DL-Isoleucine,COMP
2244,27647,244,DL-Glutamic acid,COMT
2277,27647,4515,DL-Glutamic acid,COPS5
3688,31727,4841,Citrulline,COQ6
2144,27647,5769,DL-Glutamic acid,CORT
24,8660,2366,DL-Proline,COX1
8,31962,2368,Trigonelline,COX3
554,9038,2368,DL-Isoleucine,COX3
2236,27647,2368,DL-Glutamic acid,COX3
1811,32016,2365,DL-Glutamine,COX4I1
1385,32016,2369,DL-Glutamine,COX5A
2407,27647,2369,DL-Glutamic acid,COX5A
3004,27647,5192,DL-Glutamic acid,CPA2
891,32016,70,DL-Glutamine,CPE
3199,31783,70,DL-asparagine,CPE
3315,31783,5698,DL-asparagine,CPM
3006,27647,438,DL-Glutamic acid,CPQ
858,32016,3500,DL-Glutamine,CPS1
2056,27647,3500,DL-Glutamic acid,CPS1
3599,31727,3500,Citrulline,CPS1
1107,32016,4417,DL-Glutamine,CR1
883,32016,342,DL-Glutamine,CREB1
2072,27647,342,DL-Glutamic acid,CREB1
1735,32016,3781,DL-Glutamine,CREBBP
2627,27647,3781,DL-Glutamic acid,CREBBP
2560,27647,1495,DL-Glutamic acid,CRH
2086,27647,3883,DL-Glutamic acid,CRHR1
1508,32016,4272,DL-Glutamine,CRK
122,8660,2945,DL-Proline,CRP
1800,32016,2945,DL-Glutamine,CRP
3740,31727,2945,Citrulline,CRP
580,9038,1885,DL-Isoleucine,CS
1249,32016,1885,DL-Glutamine,CS
2321,27647,1885,DL-Glutamic acid,CS
3674,31727,1885,Citrulline,CS
3142,27647,186,DL-Glutamic acid,CSAD
1338,32016,3933,DL-Glutamine,CSF1
1587,32016,1194,DL-Glutamine,CSF1R
1530,32016,3408,DL-Glutamine,CSF2
2492,27647,3408,DL-Glutamic acid,CSF2
3592,31783,3408,DL-asparagine,CSF2
945,32016,40,DL-Glutamine,CSF2RA
1925,32016,4647,DL-Glutamine,CSF3
1956,32016,1958,DL-Glutamine,CSK
671,9038,1836,DL-Isoleucine,CTBP1
1570,32016,1836,DL-Glutamine,CTBP1
2943,27647,1836,DL-Glutamic acid,CTBP1
3402,31783,1836,DL-asparagine,CTBP1
1094,32016,3911,DL-Glutamine,CTGF
1479,32016,3474,DL-Glutamine,CTLA4
1230,32016,2927,DL-Glutamine,CTNNB1
2307,27647,2927,DL-Glutamic acid,CTNNB1
3215,31783,369,DL-asparagine,CTNS
1041,32016,339,DL-Glutamine,CTPS1
2853,27647,339,DL-Glutamic acid,CTPS1
3243,31783,3976,DL-asparagine,CTSA
1248,32016,2019,DL-Glutamine,CTSB
2320,27647,2019,DL-Glutamic acid,CTSB
3312,31783,2019,DL-asparagine,CTSB
1914,32016,4318,DL-Glutamine,CTSC
1872,32016,67,DL-Glutamine,CTSD
3467,31783,67,DL-asparagine,CTSD
3483,31783,2036,DL-asparagine,CTSH
1220,32016,2827,DL-Glutamine,CTSL
3303,31783,2827,DL-asparagine,CTSL
174,8660,2870,DL-Proline,CTSS
541,9038,2870,DL-Isoleucine,CTSS
1078,32016,2870,DL-Glutamine,CTSS
2863,27647,2870,DL-Glutamic acid,CTSS
3262,31783,2870,DL-asparagine,CTSS
1017,32016,3501,DL-Glutamine,CXCL12
2155,27647,3501,DL-Glutamic acid,CXCL12
1557,32016,5744,DL-Glutamine,CXCL16
1126,32016,5759,DL-Glutamine,CXCL9
662,9038,1375,DL-Isoleucine,CXCR1
1550,32016,1375,DL-Glutamine,CXCR1
1376,32016,3887,DL-Glutamine,CXCR2
1028,32016,3892,DL-Glutamine,CXCR3
1254,32016,2968,DL-Glutamine,CYB5A
3094,27647,2968,DL-Glutamic acid,CYB5A
3670,31727,2968,Citrulline,CYB5A
1105,32016,2571,DL-Glutamine,CYB5R1
3071,27647,2571,DL-Glutamic acid,CYB5R1
3648,31727,2571,Citrulline,CYB5R1
1282,32016,629,DL-Glutamine,CYB5R3
3096,27647,629,DL-Glutamic acid,CYB5R3
3677,31727,629,Citrulline,CYB5R3
556,9038,3019,DL-Isoleucine,CYTB
2242,27647,3019,DL-Glutamic acid,CYTB
120,8660,2455,DL-Proline,DAO
785,9038,2455,DL-Isoleucine,DAO
2030,32016,2455,DL-Glutamine,DAO
2717,27647,2455,DL-Glutamic acid,DAO
274,8660,320,DL-Proline,DARS
704,9038,320,DL-Isoleucine,DARS
1702,32016,320,DL-Glutamine,DARS
2965,27647,320,DL-Glutamic acid,DARS
3544,31783,320,DL-asparagine,DARS
3274,31783,327,DL-asparagine,DARS2
1420,32016,1913,DL-Glutamine,DBI
3020,27647,2864,DL-Glutamic acid,DCN
876,32016,4497,DL-Glutamine,DCT
3373,31783,2451,DL-asparagine,DCXR
3600,31727,540,Citrulline,DDAH1
3612,31727,539,Citrulline,DDAH2
2276,27647,206,DL-Glutamic acid,DDC
759,9038,2771,DL-Isoleucine,DECR1
1952,32016,2771,DL-Glutamine,DECR1
2745,27647,2771,DL-Glutamic acid,DECR1
3481,31783,2771,DL-asparagine,DECR1
3762,31727,2771,Citrulline,DECR1
3062,27647,4115,DL-Glutamic acid,DHCR24
485,9038,621,DL-Isoleucine,DHFR
870,32016,621,DL-Glutamine,DHFR
2062,27647,621,DL-Glutamic acid,DHFR
3192,31783,621,DL-asparagine,DHFR
1346,32016,697,DL-Glutamine,DHRS4
2377,27647,697,DL-Glutamic acid,DHRS4
1300,32016,39138,DL-Glutamine,DHRS4L2
2349,27647,39138,DL-Glutamic acid,DHRS4L2
1656,32016,4607,DL-Glutamine,DIABLO
1237,32016,4682,DL-Glutamine,DICER1
3136,27647,676,DL-Glutamic acid,DLAT
773,9038,664,DL-Isoleucine,DLD
3018,27647,664,DL-Glutamic acid,DLD
3098,27647,5843,DL-Glutamic acid,DLST
3089,27647,1872,DL-Glutamic acid,DMPK
1806,32016,4553,DL-Glutamine,DNAJB1
1835,32016,4467,DL-Glutamine,DNASE1
1156,32016,1359,DL-Glutamine,DNMT1
1333,32016,4597,DL-Glutamine,DNMT3B
425,9038,436,DL-Isoleucine,DNPEP
2952,27647,436,DL-Glutamic acid,DNPEP
376,9038,2072,DL-Isoleucine,DNTT
1052,32016,2072,DL-Glutamine,DNTT
2190,27647,2072,DL-Glutamic acid,DNTT
186,8660,1418,DL-Proline,DPP4
2877,27647,1418,DL-Glutamic acid,DPP4
1060,32016,2125,DL-Glutamine,DPYD
2196,27647,2125,DL-Glutamic acid,DPYD
3256,31783,2125,DL-asparagine,DPYD
3536,31783,5089,DL-asparagine,DPYS
3721,31727,5089,Citrulline,DPYS
1127,32016,789,DL-Glutamine,DRD2
2237,27647,789,DL-Glutamic acid,DRD2
2112,27647,934,DL-Glutamic acid,DRD3
2772,27647,935,DL-Glutamic acid,DRD4
2685,27647,3039,DL-Glutamic acid,DSTN
952,32016,2746,DL-Glutamine,DUT
2123,27647,2746,DL-Glutamic acid,DUT
524,9038,3534,DL-Isoleucine,ECE1
491,9038,4156,DL-Isoleucine,ECE2
3626,31727,3443,Citrulline,EDN1
593,9038,1149,DL-Isoleucine,EDNRB
1297,32016,1149,DL-Glutamine,EDNRB
1384,32016,2491,DL-Glutamine,EEA1
1449,32016,1993,DL-Glutamine,EEF2
2444,27647,1993,DL-Glutamic acid,EEF2
1624,32016,2,DL-Glutamine,EGFR
2564,27647,2,DL-Glutamic acid,EGFR
3413,31783,2,DL-asparagine,EGFR
3273,31783,306,DL-asparagine,EGLN1
3367,31783,303,DL-asparagine,EGLN2
3453,31783,309,DL-asparagine,EGLN3
1864,32016,5813,DL-Glutamine,EGR1
2697,27647,5813,DL-Glutamic acid,EGR1
1796,32016,5521,DL-Glutamine,EIF2S1
1029,32016,5511,DL-Glutamine,EIF3I
2165,27647,5511,DL-Glutamic acid,EIF3I
3237,31783,5511,DL-asparagine,EIF3I
679,9038,1556,DL-Isoleucine,EIF4E
1609,32016,1556,DL-Glutamine,EIF4E
203,8660,4039,DL-Proline,EIF4EBP1
585,9038,4039,DL-Isoleucine,EIF4EBP1
1264,32016,4039,DL-Glutamine,EIF4EBP1
1390,32016,5543,DL-Glutamine,EIF4G1
2330,27647,5546,DL-Glutamic acid,EIF4G2
893,32016,4473,DL-Glutamine,ELAVL1
1821,32016,1130,DL-Glutamine,ELN
368,9038,3996,DL-Isoleucine,ENG
1035,32016,3996,DL-Glutamine,ENG
449,9038,2396,DL-Isoleucine,ENO2
1899,32016,2396,DL-Glutamine,ENO2
2713,27647,2396,DL-Glutamic acid,ENO2
1721,32016,5827,DL-Glutamine,EP300
2359,27647,5363,DL-Glutamic acid,EPHB3
262,8660,5562,DL-Proline,EPHX1
155,8660,1971,DL-Proline,EPHX2
459,9038,28,DL-Isoleucine,EPOR
1939,32016,28,DL-Glutamine,EPOR
2737,27647,28,DL-Glutamic acid,EPOR
181,8660,414,DL-Proline,EPRS
551,9038,414,DL-Isoleucine,EPRS
1109,32016,414,DL-Glutamine,EPRS
2222,27647,414,DL-Glutamic acid,EPRS
245,8660,4522,DL-Proline,ERAP1
655,9038,4522,DL-Isoleucine,ERAP1
1533,32016,4522,DL-Glutamine,ERAP1
2938,27647,4522,DL-Glutamic acid,ERAP1
3555,31783,4522,DL-asparagine,ERAP1
1641,32016,130,DL-Glutamine,ERBB2
1658,32016,4653,DL-Glutamine,ERBB3
1247,32016,3835,DL-Glutamine,ERBB4
2318,27647,3835,DL-Glutamic acid,ERBB4
861,32016,3552,DL-Glutamine,ERN1
1997,32016,947,DL-Glutamine,ESR1
2767,27647,947,DL-Glutamic acid,ESR1
2312,27647,948,DL-Glutamic acid,ESR2
820,32016,4176,DL-Glutamine,ETS1
428,9038,5371,DL-Isoleucine,ETV6
1002,32016,47,DL-Glutamine,F10
117,8660,3498,DL-Proline,F12
1685,32016,1746,DL-Glutamine,F13A1
632,9038,1,DL-Isoleucine,F2
1444,32016,1,DL-Glutamine,F2
2443,27647,1,DL-Glutamic acid,F2
3365,31783,1,DL-asparagine,F2
1364,32016,138,DL-Glutamine,F2R
1303,32016,88,DL-Glutamine,F3
1100,32016,115,DL-Glutamine,F5
1147,32016,114,DL-Glutamine,F8
1853,32016,1177,DL-Glutamine,FAAH
2692,27647,1177,DL-Glutamic acid,FAAH
3461,31783,1177,DL-asparagine,FAAH
1009,32016,4042,DL-Glutamine,FAAH2
3233,31783,4042,DL-asparagine,FAAH2
1027,32016,5085,DL-Glutamine,FABP3
2164,27647,5085,DL-Glutamic acid,FABP3
2211,27647,5086,DL-Glutamic acid,FABP7
1203,32016,4665,DL-Glutamine,FAS
1101,32016,4268,DL-Glutamine,FASLG
1475,32016,1394,DL-Glutamine,FASN
2148,27647,354,DL-Glutamic acid,FBP1
109,8660,13,DL-Proline,FCGR2C
757,9038,4278,DL-Isoleucine,FCGRT
2040,32016,1215,DL-Glutamine,FDX1
1561,32016,2572,DL-Glutamine,FDXR
2517,27647,2572,DL-Glutamic acid,FDXR
3398,31783,2572,DL-asparagine,FDXR
2899,27647,5374,DL-Glutamic acid,FES
3457,31783,688,DL-asparagine,FFAR1
85,8660,24,DL-Proline,FGA
1281,32016,1227,DL-Glutamine,FGF1
2338,27647,1227,DL-Glutamic acid,FGF1
1695,32016,1037,DL-Glutamine,FGF2
2605,27647,1037,DL-Glutamic acid,FGF2
2008,32016,1228,DL-Glutamine,FGF4
907,32016,92,DL-Glutamine,FGFR1
844,32016,90,DL-Glutamine,FGFR2
2230,27647,5910,DL-Glutamic acid,FH
460,9038,4577,DL-Isoleucine,FKBP4
1064,32016,4237,DL-Glutamine,FLNA
1605,32016,1071,DL-Glutamine,FLT1
1859,32016,1068,DL-Glutamine,FLT3
1210,32016,3820,DL-Glutamine,FN1
2295,27647,3820,DL-Glutamic acid,FN1
3298,31783,3820,DL-asparagine,FN1
2652,27647,140,DL-Glutamic acid,FOLH1
2925,27647,3405,DL-Glutamic acid,FOLR1
1463,32016,3796,DL-Glutamine,FOS
2452,27647,3796,DL-Glutamic acid,FOS
2686,27647,5909,DL-Glutamic acid,FOSB
1245,32016,4620,DL-Glutamine,FOXM1
969,32016,4126,DL-Glutamine,FOXO1
2169,27647,422,DL-Glutamic acid,FPGS
941,32016,4468,DL-Glutamine,FSCN1
3200,31783,78,DL-asparagine,FSHR
2520,27647,202,DL-Glutamic acid,FTCD
1632,32016,1335,DL-Glutamine,FTH1
2569,27647,1335,DL-Glutamic acid,FTH1
984,32016,1336,DL-Glutamine,FTL
2141,27647,1336,DL-Glutamic acid,FTL
693,9038,2813,DL-Isoleucine,FURIN
1647,32016,2813,DL-Glutamine,FURIN
3141,27647,2813,DL-Glutamic acid,FURIN
3420,31783,2813,DL-asparagine,FURIN
1083,32016,1481,DL-Glutamine,FYN
2209,27647,1481,DL-Glutamic acid,FYN
925,32016,2524,DL-Glutamine,G6PD
2103,27647,2524,DL-Glutamic acid,G6PD
2048,27647,780,DL-Glutamic acid,GABBR1
2505,27647,896,DL-Glutamic acid,GABRB1
2567,27647,897,DL-Glutamic acid,GABRB2
2480,27647,898,DL-Glutamic acid,GABRB3
2134,27647,902,DL-Glutamic acid,GABRD
2507,27647,899,DL-Glutamic acid,GABRG1
2049,27647,900,DL-Glutamic acid,GABRG2
2598,27647,904,DL-Glutamic acid,GABRP
2047,27647,905,DL-Glutamic acid,GABRR1
2076,27647,906,DL-Glutamic acid,GABRR2
2274,27647,169,DL-Glutamic acid,GAD1
2594,27647,4493,DL-Glutamic acid,GAL
3335,31783,4578,DL-asparagine,GALR2
3314,31783,1117,DL-asparagine,GANAB
3339,31783,1118,DL-asparagine,GANC
2102,27647,5890,DL-Glutamic acid,GAP43
1900,32016,611,DL-Glutamine,GAPDH
2715,27647,611,DL-Glutamic acid,GAPDH
3471,31783,611,DL-asparagine,GAPDH
3753,31727,611,Citrulline,GAPDH
1936,32016,606,DL-Glutamine,GAPDHS
2734,27647,606,DL-Glutamic acid,GAPDHS
2110,27647,500,DL-Glutamic acid,GARS
943,32016,1212,DL-Glutamine,GART
2839,27647,1212,DL-Glutamic acid,GART
513,9038,4423,DL-Isoleucine,GATA3
3221,31783,4423,DL-asparagine,GATA3
207,8660,4283,DL-Proline,GATA4
594,9038,4283,DL-Isoleucine,GATA4
1301,32016,4283,DL-Glutamine,GATA4
2350,27647,4283,DL-Glutamic acid,GATA4
3327,31783,4283,DL-asparagine,GATA4
1705,32016,412,DL-Glutamine,GATB
2966,27647,412,DL-Glutamic acid,GATB
3547,31783,412,DL-asparagine,GATB
3624,31727,2164,Citrulline,GCH1
1930,32016,2166,DL-Glutamine,GCK
2731,27647,2166,DL-Glutamic acid,GCK
1,31962,417,Trigonelline,GCLC
2711,27647,417,DL-Glutamic acid,GCLC
2857,27647,442,DL-Glutamic acid,GCLM
1389,32016,3378,DL-Glutamine,GDNF
2410,27647,3378,DL-Glutamic acid,GDNF
1812,32016,5887,DL-Glutamine,GFAP
2662,27647,5887,DL-Glutamic acid,GFAP
2991,27647,2575,DL-Glutamic acid,GFER
3597,31783,2575,DL-asparagine,GFER
1137,32016,5240,DL-Glutamine,GFPT1
2875,27647,5240,DL-Glutamic acid,GFPT1
1809,32016,5231,DL-Glutamine,GFPT2
2986,27647,5231,DL-Glutamic acid,GFPT2
2996,27647,86,DL-Glutamic acid,GGCX
2644,27647,4319,DL-Glutamic acid,GGH
2834,27647,5188,DL-Glutamic acid,GGT5
2894,27647,5189,DL-Glutamic acid,GGT7
1894,32016,109,DL-Glutamine,GHR
2348,27647,4324,DL-Glutamic acid,GHRL
2982,27647,5766,DL-Glutamic acid,GIF
1602,32016,1444,DL-Glutamine,GJA1
2546,27647,1444,DL-Glutamic acid,GJA1
3010,27647,3365,DL-Glutamic acid,GLA
2119,27647,191,DL-Glutamic acid,GLDC
2566,27647,511,DL-Glutamic acid,GLRA1
2749,27647,514,DL-Glutamic acid,GLRA2
2568,27647,513,DL-Glutamic acid,GLRA3
2177,27647,4045,DL-Glutamic acid,GLRA4
2606,27647,512,DL-Glutamic acid,GLRB
1387,32016,413,DL-Glutamine,GLS
2409,27647,413,DL-Glutamic acid,GLS
3348,31783,413,DL-asparagine,GLS
3693,31727,413,Citrulline,GLS
1423,32016,435,DL-Glutamine,GLS2
2429,27647,435,DL-Glutamic acid,GLS2
3361,31783,435,DL-asparagine,GLS2
3724,31727,435,Citrulline,GLS2
2416,27647,2244,DL-Glutamic acid,GLTP
1618,32016,439,DL-Glutamine,GLUD1
2556,27647,439,DL-Glutamic acid,GLUD1
2026,32016,419,DL-Glutamine,GLUD2
2372,27647,419,DL-Glutamic acid,GLUD2
17,8660,420,DL-Proline,GMPS
829,32016,420,DL-Glutamine,GMPS
2819,27647,420,DL-Glutamic acid,GMPS
576,9038,3145,DL-Isoleucine,GNAI1
1241,32016,3145,DL-Glutamine,GNAI1
624,9038,5879,DL-Isoleucine,GNAI2
1408,32016,5879,DL-Glutamine,GNAI2
2423,27647,5879,DL-Glutamic acid,GNAI2
3355,31783,5879,DL-asparagine,GNAI2
539,9038,5868,DL-Isoleucine,GNAI3
1063,32016,5868,DL-Glutamine,GNAI3
1822,32016,5871,DL-Glutamine,GNAT2
2133,27647,3618,DL-Glutamic acid,GNB1
2714,27647,5883,DL-Glutamic acid,GNB3
2896,27647,1457,DL-Glutamic acid,GNG2
2851,27647,240,DL-Glutamic acid,GNMT
1982,32016,5824,DL-Glutamine,GNPNAT1
3015,27647,5824,DL-Glutamic acid,GNPNAT1
1057,32016,174,DL-Glutamine,GOT1
2193,27647,174,DL-Glutamic acid,GOT1
1846,32016,203,DL-Glutamine,GOT2
2688,27647,203,DL-Glutamic acid,GOT2
341,8660,556,DL-Proline,GPD1
2289,27647,1954,DL-Glutamic acid,GPI
2105,27647,4047,DL-Glutamic acid,GPR55
918,32016,192,DL-Glutamine,GPT
2098,27647,192,DL-Glutamic acid,GPT
1221,32016,217,DL-Glutamine,GPT2
2302,27647,217,DL-Glutamic acid,GPT2
851,32016,482,DL-Glutamine,GPX1
2052,27647,482,DL-Glutamic acid,GPX1
150,8660,483,DL-Proline,GPX2
1213,32016,459,DL-Glutamine,GPX4
2298,27647,459,DL-Glutamic acid,GPX4
877,32016,486,DL-Glutamine,GPX5
2068,27647,486,DL-Glutamic acid,GPX5
2240,27647,465,DL-Glutamic acid,GPX7
1278,32016,123,DL-Glutamine,GRB2
3317,31783,123,DL-asparagine,GRB2
421,9038,441,DL-Isoleucine,GRIA1
1588,32016,441,DL-Glutamine,GRIA1
2538,27647,441,DL-Glutamic acid,GRIA1
1698,32016,443,DL-Glutamine,GRIA2
2607,27647,443,DL-Glutamic acid,GRIA2
1603,32016,445,DL-Glutamine,GRIA4
2547,27647,445,DL-Glutamic acid,GRIA4
2947,27647,410,DL-Glutamic acid,GRID2
898,32016,440,DL-Glutamine,GRIK1
2082,27647,440,DL-Glutamic acid,GRIK1
2061,27647,447,DL-Glutamic acid,GRIK2
2172,27647,448,DL-Glutamic acid,GRIK3
2622,27647,403,DL-Glutamic acid,GRIK5
2185,27647,421,DL-Glutamic acid,GRIN1
2357,27647,424,DL-Glutamic acid,GRIN2A
2518,27647,426,DL-Glutamic acid,GRIN2C
2618,27647,409,DL-Glutamic acid,GRIN2D
2234,27647,431,DL-Glutamic acid,GRIN3A
2699,27647,411,DL-Glutamic acid,GRIN3B
2545,27647,400,DL-Glutamic acid,GRM1
2097,27647,3383,DL-Glutamic acid,GRM2
2232,27647,3384,DL-Glutamic acid,GRM3
2159,27647,401,DL-Glutamic acid,GRM4
2453,27647,1219,DL-Glutamic acid,GRM5
2708,27647,5465,DL-Glutamic acid,GRM6
2278,27647,404,DL-Glutamic acid,GRM7
2311,27647,405,DL-Glutamic acid,GRM8
1352,32016,1502,DL-Glutamine,GSK3B
2381,27647,1502,DL-Glutamic acid,GSK3B
71,8660,2351,DL-Proline,GSN
1025,32016,2351,DL-Glutamine,GSN
2785,27647,2351,DL-Glutamic acid,GSN
3572,31783,2351,DL-asparagine,GSN
866,32016,3149,DL-Glutamine,GSPT1
3190,31783,3149,DL-asparagine,GSPT1
1950,32016,471,DL-Glutamine,GSR
2742,27647,471,DL-Glutamic acid,GSR
2754,27647,472,DL-Glutamic acid,GSS
592,9038,452,DL-Isoleucine,GSTA1
1296,32016,452,DL-Glutamine,GSTA1
2347,27647,452,DL-Glutamic acid,GSTA1
468,9038,453,DL-Isoleucine,GSTA2
827,32016,453,DL-Glutamine,GSTA2
2041,27647,453,DL-Glutamic acid,GSTA2
769,9038,475,DL-Isoleucine,GSTA3
1994,32016,475,DL-Glutamine,GSTA3
2766,27647,475,DL-Glutamic acid,GSTA3
534,9038,477,DL-Isoleucine,GSTA4
1054,32016,477,DL-Glutamine,GSTA4
2191,27647,477,DL-Glutamic acid,GSTA4
2946,27647,479,DL-Glutamic acid,GSTA5
626,9038,473,DL-Isoleucine,GSTM1
2916,27647,473,DL-Glutamic acid,GSTM1
2993,27647,457,DL-Glutamic acid,GSTM2
2983,27647,476,DL-Glutamic acid,GSTM3
2859,27647,478,DL-Glutamic acid,GSTM4
2984,27647,460,DL-Glutamic acid,GSTM5
1066,32016,481,DL-Glutamine,GSTO1
2200,27647,481,DL-Glutamic acid,GSTO1
3259,31783,481,DL-asparagine,GSTO1
1225,32016,467,DL-Glutamine,GSTO2
2303,27647,467,DL-Glutamic acid,GSTO2
3305,31783,467,DL-asparagine,GSTO2
494,9038,480,DL-Isoleucine,GSTP1
2833,27647,480,DL-Glutamic acid,GSTP1
1980,32016,485,DL-Glutamine,GSTZ1
2757,27647,485,DL-Glutamic acid,GSTZ1
3485,31783,485,DL-asparagine,GSTZ1
3770,31727,1090,Citrulline,GUCY1A2
3734,31727,4735,Citrulline,GUCY1B3
2640,27647,3825,DL-Glutamic acid,GUCY2C
3745,31727,3825,Citrulline,GUCY2C
644,9038,5913,DL-Isoleucine,GUSB
1488,32016,5913,DL-Glutamine,GUSB
2466,27647,5913,DL-Glutamic acid,GUSB
3376,31783,5913,DL-asparagine,GUSB
1630,32016,5160,DL-Glutamine,GZMA
767,9038,5150,DL-Isoleucine,GZMB
1984,32016,5150,DL-Glutamine,GZMB
3765,31727,5150,Citrulline,GZMB
3763,31727,5149,Citrulline,GZMH
1005,32016,5764,DL-Glutamine,H2AFX
1770,32016,239,DL-Glutamine,HAL
2638,27647,239,DL-Glutamic acid,HAL
1305,32016,5095,DL-Glutamine,HAP1
2352,27647,5095,DL-Glutamic acid,HAP1
1893,32016,3967,DL-Glutamine,HBEGF
998,32016,1718,DL-Glutamine,HCK
294,8660,2132,DL-Proline,HCN2
1823,32016,2132,DL-Glutamine,HCN2
3163,27647,2132,DL-Glutamic acid,HCN2
179,8660,5593,DL-Proline,HCN3
1087,32016,5593,DL-Glutamine,HCN3
3069,27647,5593,DL-Glutamic acid,HCN3
1304,32016,2308,DL-Glutamine,HDAC6
848,32016,1000,DL-Glutamine,HDAC9
1284,32016,1447,DL-Glutamine,HIF1A
3321,31783,1447,DL-asparagine,HIF1A
3676,31727,1447,Citrulline,HIF1A
3382,31783,1595,DL-asparagine,HIF1AN
977,32016,5642,DL-Glutamine,HIST1H4C
3776,31727,5642,Citrulline,HIST1H4C
128,8660,2406,DL-Proline,HLA-A
475,9038,2406,DL-Isoleucine,HLA-A
835,32016,2406,DL-Glutamine,HLA-A
2826,27647,2406,DL-Glutamic acid,HLA-A
3197,31783,2406,DL-asparagine,HLA-A
3622,31727,2406,Citrulline,HLA-A
127,8660,13179,DL-Proline,HLA-B
480,9038,13179,DL-Isoleucine,HLA-B
862,32016,13179,DL-Glutamine,HLA-B
2824,27647,13179,DL-Glutamic acid,HLA-B
3188,31783,13179,DL-asparagine,HLA-B
3614,31727,13179,Citrulline,HLA-B
899,32016,129,DL-Glutamine,HLA-DQB1
589,9038,264,DL-Isoleucine,HLCS
2315,27647,3465,DL-Glutamic acid,HMGB1
526,9038,3275,DL-Isoleucine,HMGCL
1987,32016,678,DL-Glutamine,HMOX1
2762,27647,678,DL-Glutamic acid,HMOX1
2747,27647,679,DL-Glutamic acid,HMOX2
803,9038,3207,DL-Isoleucine,HNF1A
1409,32016,3450,DL-Glutamine,HNF4A
1251,32016,4663,DL-Glutamine,HNRNPA1
1580,32016,1027,DL-Glutamine,HPD
2945,27647,1027,DL-Glutamic acid,HPD
3712,31727,1027,Citrulline,HPD
664,9038,450,DL-Isoleucine,HPGDS
1520,32016,1371,DL-Glutamine,HPRT1
1432,32016,2082,DL-Glutamine,HRAS
2435,27647,2082,DL-Glutamic acid,HRAS
3363,31783,2082,DL-asparagine,HRAS
3741,31727,2876,Citrulline,HRSP12
776,9038,560,DL-Isoleucine,HSD17B10
1797,32016,564,DL-Glutamine,HSD17B4
1379,32016,378,DL-Glutamine,HSD17B6
1298,32016,1189,DL-Glutamine,HSP90AA1
3679,31727,1189,Citrulline,HSP90AA1
1487,32016,5047,DL-Glutamine,HSPA4
2465,27647,5047,DL-Glutamic acid,HSPA4
2383,27647,52,DL-Glutamic acid,HSPA5
3342,31783,52,DL-asparagine,HSPA5
1913,32016,3527,DL-Glutamine,HSPA8
3164,27647,3472,DL-Glutamic acid,HSPB1
586,9038,4374,DL-Isoleucine,HSPD1
1270,32016,4374,DL-Glutamine,HSPD1
2331,27647,4374,DL-Glutamic acid,HSPD1
2413,27647,873,DL-Glutamic acid,HTR1A
2294,27647,936,DL-Glutamic acid,HTR3A
162,8660,718,DL-Proline,IARS
522,9038,718,DL-Isoleucine,IARS
1001,32016,718,DL-Glutamine,IARS
2848,27647,718,DL-Glutamic acid,IARS
1686,32016,163,DL-Glutamine,ICAM1
2602,27647,163,DL-Glutamic acid,ICAM1
2641,27647,1634,DL-Glutamic acid,IDH1
1314,32016,1633,DL-Glutamine,IDH2
2360,27647,1633,DL-Glutamic acid,IDH2
40,8660,581,DL-Proline,IDH3A
652,9038,581,DL-Isoleucine,IDH3A
507,9038,580,DL-Isoleucine,IDH3B
2124,27647,580,DL-Glutamic acid,IDH3B
762,9038,579,DL-Isoleucine,IDH3G
1810,32016,4747,DL-Glutamine,IDO1
1621,32016,5040,DL-Glutamine,IFNA1
961,32016,5043,DL-Glutamine,IFNA2
1235,32016,21,DL-Glutamine,IFNAR2
357,9038,2215,DL-Isoleucine,IFNB1
959,32016,2215,DL-Glutamine,IFNB1
3499,31783,2215,DL-asparagine,IFNB1
817,9038,1475,DL-Isoleucine,IFNG
1901,32016,1475,DL-Glutamine,IFNG
645,9038,1800,DL-Isoleucine,IGF1
1489,32016,1800,DL-Glutamine,IGF1
2467,27647,1800,DL-Glutamic acid,IGF1
1650,32016,65,DL-Glutamine,IGF1R
1188,32016,1489,DL-Glutamine,IGF2R
1623,32016,4218,DL-Glutamine,IGFBP1
950,32016,1488,DL-Glutamine,IGFBP3
1876,32016,5303,DL-Glutamine,IGFBP5
611,9038,4928,DL-Isoleucine,IGSF3
1277,32016,928,DL-Glutamine,IKBKB
2336,27647,928,DL-Glutamic acid,IKBKB
840,32016,3376,DL-Glutamine,IL10
1692,32016,4299,DL-Glutamine,IL11
1486,32016,3871,DL-Glutamine,IL12A
1891,32016,2421,DL-Glutamine,IL12B
1471,32016,3429,DL-Glutamine,IL13
1536,32016,3929,DL-Glutamine,IL15
1233,32016,3912,DL-Glutamine,IL17A
1611,32016,3916,DL-Glutamine,IL18
1717,32016,3478,DL-Glutamine,IL1A
3737,31727,3478,Citrulline,IL1A
1716,32016,1380,DL-Glutamine,IL1B
2614,27647,1380,DL-Glutamic acid,IL1B
3733,31727,1380,Citrulline,IL1B
1785,32016,3479,DL-Glutamine,IL1RN
2647,27647,3479,DL-Glutamic acid,IL1RN
1916,32016,1330,DL-Glutamine,IL2
3473,31783,1330,DL-asparagine,IL2
3754,31727,4792,Citrulline,IL26
963,32016,14,DL-Glutamine,IL2RA
1531,32016,1385,DL-Glutamine,IL3
1889,32016,4143,DL-Glutamine,IL4
199,8660,2552,DL-Proline,IL4I1
578,9038,2552,DL-Isoleucine,IL4I1
3782,31727,2552,Citrulline,IL4I1
2007,32016,3381,DL-Glutamine,IL4R
1888,32016,1516,DL-Glutamine,IL5
1788,32016,1514,DL-Glutamine,IL6
2649,27647,1514,DL-Glutamic acid,IL6
1708,32016,3997,DL-Glutamine,IL7
1464,32016,3897,DL-Glutamine,IL7R
1628,32016,3904,DL-Glutamine,IL9
1224,32016,596,DL-Glutamine,IMPDH1
2886,27647,596,DL-Glutamic acid,IMPDH1
1360,32016,588,DL-Glutamine,IMPDH2
2908,27647,588,DL-Glutamic acid,IMPDH2
336,8660,39277,DL-Proline,INS-IGF2
565,9038,39277,DL-Isoleucine,INS-IGF2
1193,32016,39277,DL-Glutamine,INS-IGF2
2288,27647,39277,DL-Glutamic acid,INS-IGF2
3293,31783,39277,DL-asparagine,INS-IGF2
3655,31727,39277,Citrulline,INS-IGF2
640,9038,64,DL-Isoleucine,INSR
1480,32016,64,DL-Glutamine,INSR
2460,27647,64,DL-Glutamic acid,INSR
3371,31783,64,DL-asparagine,INSR
1845,32016,4253,DL-Glutamine,IRF1
1428,32016,4623,DL-Glutamine,IRF3
1472,32016,3758,DL-Glutamine,IRS1
997,32016,4985,DL-Glutamine,IRS2
1461,32016,2837,DL-Glutamine,ISG20
3640,31727,4033,Citrulline,ITCH
656,9038,4198,DL-Isoleucine,ITGA2
1535,32016,4198,DL-Glutamine,ITGA2
2495,27647,4198,DL-Glutamic acid,ITGA2
3705,31727,4198,Citrulline,ITGA2
1734,32016,112,DL-Glutamine,ITGA2B
1190,32016,146,DL-Glutamine,ITGAL
1585,32016,4392,DL-Glutamine,ITGAM
1485,32016,1211,DL-Glutamine,ITGB2
2158,27647,4751,DL-Glutamic acid,ITPR3
3091,27647,2725,DL-Glutamic acid,IYD
1240,32016,3316,DL-Glutamine,JAK1
944,32016,3314,DL-Glutamine,JAK2
879,32016,3317,DL-Glutamine,JAK3
1051,32016,1161,DL-Glutamine,JUN
2189,27647,1161,DL-Glutamic acid,JUN
3249,31783,1161,DL-asparagine,JUN
215,8660,282,DL-Proline,KARS
397,9038,282,DL-Isoleucine,KARS
1349,32016,282,DL-Glutamine,KARS
2380,27647,282,DL-Glutamic acid,KARS
1711,32016,1934,DL-Glutamine,KAT2B
1268,32016,1924,DL-Glutamine,KAT5
2419,27647,3485,DL-Glutamic acid,KCNA2
2198,27647,3486,DL-Glutamic acid,KCNA3
2370,27647,2123,DL-Glutamic acid,KCNA4
2987,27647,3487,DL-Glutamic acid,KCNA5
2591,27647,3493,DL-Glutamic acid,KCNC1
3045,27647,3494,DL-Glutamic acid,KCNC2
2854,27647,5601,DL-Glutamic acid,KCNG1
2215,27647,4737,DL-Glutamic acid,KCNJ10
1218,32016,883,DL-Glutamine,KCNJ11
2300,27647,883,DL-Glutamic acid,KCNJ11
2371,27647,855,DL-Glutamic acid,KCNJ12
2542,27647,5622,DL-Glutamic acid,KCNJ16
2691,27647,5599,DL-Glutamic acid,KCNJ2
1553,32016,1456,DL-Glutamine,KCNJ3
2508,27647,1456,DL-Glutamic acid,KCNJ3
3075,27647,994,DL-Glutamic acid,KCNK1
3035,27647,854,DL-Glutamic acid,KCNK2
2536,27647,1030,DL-Glutamic acid,KCNMA1
3179,27647,1300,DL-Glutamic acid,KCNQ1
2268,27647,1007,DL-Glutamic acid,KCNQ2
3047,27647,1010,DL-Glutamic acid,KCNQ3
1707,32016,1067,DL-Glutamine,KDR
3408,31783,4180,DL-asparagine,KIF5A
3715,31727,4180,Citrulline,KIF5A
2700,27647,3921,DL-Glutamic acid,KISS1R
2129,27647,5925,DL-Glutamic acid,KL
2981,27647,4019,DL-Glutamic acid,KLB
1401,32016,4292,DL-Glutamine,KLK3
96,8660,3430,DL-Proline,KLKB1
1165,32016,3990,DL-Glutamine,KLRC1
98,8660,4247,DL-Proline,KNG1
1683,32016,4247,DL-Glutamine,KNG1
2600,27647,4247,DL-Glutamic acid,KNG1
3730,31727,4247,Citrulline,KNG1
1799,32016,3620,DL-Glutamine,KRAS
3446,31783,3620,DL-asparagine,KRAS
112,8660,760,DL-Proline,L3HYPDH
310,8660,2220,DL-Proline,LAP3
748,9038,2220,DL-Isoleucine,LAP3
1918,32016,2220,DL-Glutamine,LAP3
2723,27647,2220,DL-Glutamic acid,LAP3
3475,31783,2220,DL-asparagine,LAP3
147,8660,525,DL-Proline,LARS
499,9038,525,DL-Isoleucine,LARS
920,32016,525,DL-Glutamine,LARS
2836,27647,525,DL-Glutamic acid,LARS
698,9038,522,DL-Isoleucine,LARS2
1285,32016,1478,DL-Glutamine,LCK
1394,32016,4984,DL-Glutamine,LCP1
873,32016,562,DL-Glutamine,LDHA
2064,27647,562,DL-Glutamic acid,LDHA
2552,27647,557,DL-Glutamic acid,LDHAL6A
2712,27647,567,DL-Glutamic acid,LDHB
2479,27647,5928,DL-Glutamic acid,LDHD
1818,32016,1235,DL-Glutamine,LDLR
3160,27647,1235,DL-Glutamic acid,LDLR
3448,31783,1235,DL-asparagine,LDLR
1411,32016,4271,DL-Glutamine,LEP
2424,27647,4271,DL-Glutamic acid,LEP
2,31962,3385,Trigonelline,LEPR
1320,32016,3385,DL-Glutamine,LEPR
1807,32016,1743,DL-Glutamine,LGALS3
974,32016,2207,DL-Glutamine,LGALS7
3222,31783,2207,DL-asparagine,LGALS7
821,32016,428,DL-Glutamine,LGSN
2192,27647,428,DL-Glutamic acid,LGSN
435,9038,715,DL-Isoleucine,LIAS
1719,32016,981,DL-Glutamine,LIG1
975,32016,982,DL-Glutamine,LIG3
304,8660,1420,DL-Proline,LIPF
166,8660,39028,DL-Proline,LIPJ
141,8660,39169,DL-Proline,LIPK
140,8660,5018,DL-Proline,LIPM
3451,31783,55,DL-asparagine,LMAN1
1088,32016,5660,DL-Glutamine,LMNA
2212,27647,5660,DL-Glutamic acid,LMNA
308,8660,5195,DL-Proline,LNPEP
742,9038,5195,DL-Isoleucine,LNPEP
1890,32016,5195,DL-Glutamine,LNPEP
2998,27647,5195,DL-Glutamic acid,LNPEP
3557,31783,5195,DL-asparagine,LNPEP
3417,31783,39096,DL-asparagine,LOC101060399
3582,31783,39092,DL-asparagine,LOC101928168
892,32016,39238,DL-Glutamine,LOC102724197
2077,27647,39238,DL-Glutamic acid,LOC102724197
3400,31783,4011,DL-asparagine,LOC102724652
811,9038,4061,DL-Isoleucine,LONP1
1892,32016,4296,DL-Glutamine,LOX
1363,32016,4895,DL-Glutamine,LPA
1433,32016,3424,DL-Glutamine,LPL
2922,27647,3424,DL-Glutamic acid,LPL
1738,32016,4911,DL-Glutamine,LPO
1884,32016,1720,DL-Glutamine,LTF
1594,32016,2424,DL-Glutamine,LY96
105,8660,315,DL-Proline,LYZ
724,9038,315,DL-Isoleucine,LYZ
1768,32016,315,DL-Glutamine,LYZ
2637,27647,315,DL-Glutamic acid,LYZ
3438,31783,315,DL-asparagine,LYZ
2023,32016,1487,DL-Glutamine,M6PR
3492,31783,1487,DL-asparagine,M6PR
1059,32016,4427,DL-Glutamine,MAGEA3
3506,31783,4427,DL-asparagine,MAGEA3
3248,31783,1874,DL-asparagine,MAN1B1
3435,31783,1978,DL-asparagine,MAN2A1
204,8660,814,DL-Proline,MAOA
2327,27647,814,DL-Glutamic acid,MAOA
3783,31727,814,Citrulline,MAOA
159,8660,790,DL-Proline,MAOB
2137,27647,790,DL-Glutamic acid,MAOB
3775,31727,790,Citrulline,MAOB
1141,32016,1464,DL-Glutamine,MAP2
2251,27647,1464,DL-Glutamic acid,MAP2
1733,32016,5355,DL-Glutamine,MAP2K4
1166,32016,4543,DL-Glutamine,MAP3K5
2269,27647,4543,DL-Glutamic acid,MAP3K5
2253,27647,1472,DL-Glutamic acid,MAP4
1989,32016,1409,DL-Glutamine,MAPK1
2764,27647,1409,DL-Glutamic acid,MAPK1
1896,32016,1677,DL-Glutamine,MAPK14
2710,27647,1677,DL-Glutamic acid,MAPK14
1724,32016,1179,DL-Glutamine,MAPK3
2621,27647,1179,DL-Glutamic acid,MAPK3
1143,32016,1699,DL-Glutamine,MAPK8
2252,27647,1699,DL-Glutamic acid,MAPK8
1361,32016,3524,DL-Glutamine,MAPK9
2391,27647,3524,DL-Glutamic acid,MAPK9
1263,32016,1473,DL-Glutamine,MAPT
2326,27647,1473,DL-Glutamic acid,MAPT
278,8660,4584,DL-Proline,MARS
715,9038,4584,DL-Isoleucine,MARS
1749,32016,4584,DL-Glutamine,MARS
2630,27647,4584,DL-Glutamic acid,MARS
3430,31783,4584,DL-asparagine,MARS
1154,32016,1618,DL-Glutamine,MB
2261,27647,1618,DL-Glutamic acid,MB
3284,31783,1618,DL-asparagine,MB
3354,31783,4044,DL-asparagine,MBOAT4
3307,31783,4403,DL-asparagine,MBTPS1
3219,31783,5681,DL-asparagine,MBTPS2
3594,31783,268,DL-asparagine,MCCC1
3092,27647,266,DL-Glutamic acid,MCCC2
2677,27647,3895,DL-Glutamic acid,MCHR1
51,8660,5861,DL-Proline,MDFIC
445,9038,5861,DL-Isoleucine,MDFIC
738,9038,572,DL-Isoleucine,MDH1
1879,32016,572,DL-Glutamine,MDH1
2702,27647,572,DL-Glutamic acid,MDH1
1340,32016,561,DL-Glutamine,MDH2
2374,27647,561,DL-Glutamic acid,MDH2
1152,32016,4245,DL-Glutamine,MDK
2259,27647,4245,DL-Glutamic acid,MDK
68,8660,2464,DL-Proline,MDM2
831,32016,2464,DL-Glutamine,MDM2
2789,27647,2464,DL-Glutamic acid,MDM2
3571,31783,2464,DL-asparagine,MDM2
2201,27647,576,DL-Glutamic acid,ME1
2394,27647,563,DL-Glutamic acid,ME2
1388,32016,2045,DL-Glutamine,MET
3023,27647,454,DL-Glutamic acid,MGST1
2958,27647,466,DL-Glutamic acid,MGST2
2869,27647,449,DL-Glutamic acid,MGST3
3717,31727,228,Citrulline,MMAA
1357,32016,1272,DL-Glutamine,MMP1
1612,32016,1278,DL-Glutamine,MMP10
1777,32016,1280,DL-Glutamine,MMP13
1446,32016,1281,DL-Glutamine,MMP14
1966,32016,1273,DL-Glutamine,MMP2
1513,32016,1274,DL-Glutamine,MMP3
1778,32016,1275,DL-Glutamine,MMP7
1871,32016,1276,DL-Glutamine,MMP8
1043,32016,1277,DL-Glutamine,MMP9
2179,27647,1277,DL-Glutamic acid,MMP9
874,32016,4372,DL-Glutamine,MOG
2065,27647,4372,DL-Glutamic acid,MOG
373,9038,3434,DL-Isoleucine,MPL
1926,32016,929,DL-Glutamine,MPO
3756,31727,929,Citrulline,MPO
1398,32016,131,DL-Glutamine,MS4A1
680,9038,103,DL-Isoleucine,MS4A2
1878,32016,4456,DL-Glutamine,MSH2
3013,27647,231,DL-Glutamic acid,MTHFD1
2145,27647,230,DL-Glutamic acid,MTHFR
184,8660,1024,DL-Proline,MTOR
555,9038,1024,DL-Isoleucine,MTOR
1133,32016,1024,DL-Glutamine,MTOR
2241,27647,1024,DL-Glutamic acid,MTOR
2228,27647,225,DL-Glutamic acid,MTR
50,8660,1423,DL-Proline,MTTP
1279,32016,4414,DL-Glutamine,MUC1
683,9038,226,DL-Isoleucine,MUT
1626,32016,226,DL-Glutamine,MUT
2565,27647,226,DL-Glutamic acid,MUT
1271,32016,3867,DL-Glutamine,MYB
976,32016,3797,DL-Glutamine,MYC
2138,27647,3797,DL-Glutamic acid,MYC
1608,32016,4173,DL-Glutamine,MYCN
911,32016,4604,DL-Glutamine,MYD88
2093,27647,4604,DL-Glutamic acid,MYD88
1819,32016,5258,DL-Glutamine,MYH13
1842,32016,5259,DL-Glutamine,MYH2
1197,32016,5284,DL-Glutamine,MYH6
1207,32016,3749,DL-Glutamine,MYH7
667,9038,5268,DL-Isoleucine,MYL3
1144,32016,4446,DL-Glutamine,MYLK
521,9038,3335,DL-Isoleucine,MYLK2
1826,32016,5855,DL-Glutamine,MYOD1
1858,32016,5857,DL-Glutamine,MYOG
420,9038,5836,DL-Isoleucine,NAA15
358,9038,5839,DL-Isoleucine,NAA16
3326,31783,5846,DL-asparagine,NAA20
2911,27647,4585,DL-Glutamic acid,NAALAD2
2880,27647,5209,DL-Glutamic acid,NAALADL1
1343,32016,429,DL-Glutamine,NADSYN1
2904,27647,429,DL-Glutamic acid,NADSYN1
254,8660,732,DL-Proline,NAE1
3476,31783,397,DL-asparagine,NAGLU
84,8660,396,DL-Proline,NAGPA
416,9038,396,DL-Isoleucine,NAGPA
2514,27647,430,DL-Glutamic acid,NAGS
3723,31727,430,Citrulline,NAGS
3443,31783,775,DL-asparagine,NARS
3535,31783,774,DL-asparagine,NARS2
1457,32016,5850,DL-Glutamine,NAT1
2926,27647,5850,DL-Glutamic acid,NAT1
1382,32016,4321,DL-Glutamine,NCL
1366,32016,1552,DL-Glutamine,NCOA1
863,32016,1553,DL-Glutamine,NCOA2
1047,32016,4284,DL-Glutamine,NCOA3
1645,32016,4982,DL-Glutamine,NCOR1
1198,32016,5311,DL-Glutamine,NCOR2
3275,31783,633,DL-asparagine,ND1
481,9038,831,DL-Isoleucine,NEU1
864,32016,831,DL-Glutamine,NEU1
3189,31783,831,DL-asparagine,NEU1
3,31962,4068,Trigonelline,NFE2L2
2091,27647,4068,DL-Glutamic acid,NFE2L2
1978,32016,1362,DL-Glutamine,NFKBIA
2755,27647,1362,DL-Glutamic acid,NFKBIA
1070,32016,1515,DL-Glutamine,NGF
2203,27647,1515,DL-Glutamic acid,NGF
2005,32016,3906,DL-Glutamine,NGFR
2775,27647,3906,DL-Glutamic acid,NGFR
2019,32016,2068,DL-Glutamine,NME1
3022,27647,2068,DL-Glutamic acid,NME1
926,32016,3158,DL-Glutamine,NME2
985,32016,2630,DL-Glutamine,NMNAT1
2143,27647,2630,DL-Glutamic acid,NMNAT1
1266,32016,2342,DL-Glutamine,NMNAT3
2328,27647,2342,DL-Glutamic acid,NMNAT3
1368,32016,541,DL-Glutamine,NOS1
2395,27647,541,DL-Glutamic acid,NOS1
3692,31727,541,Citrulline,NOS1
1339,32016,285,DL-Glutamine,NOS2
2373,27647,285,DL-Glutamic acid,NOS2
3685,31727,285,Citrulline,NOS2
1528,32016,283,DL-Glutamine,NOS3
2490,27647,283,DL-Glutamic acid,NOS3
3709,31727,283,Citrulline,NOS3
1619,32016,3965,DL-Glutamine,NOTCH1
2558,27647,3965,DL-Glutamic acid,NOTCH1
529,9038,3955,DL-Isoleucine,NOX1
3061,27647,3955,DL-Glutamic acid,NOX1
219,8660,3455,DL-Proline,NPEPPS
615,9038,3455,DL-Isoleucine,NPEPPS
1371,32016,3455,DL-Glutamine,NPEPPS
2910,27647,3455,DL-Glutamic acid,NPEPPS
3519,31783,3455,DL-asparagine,NPEPPS
2208,27647,1011,DL-Glutamic acid,NPR1
3645,31727,1011,Citrulline,NPR1
3668,31727,1529,Citrulline,NPR2
559,9038,1458,DL-Isoleucine,NPSR1
3283,31783,1458,DL-asparagine,NPSR1
1856,32016,2494,DL-Glutamine,NPY
2694,27647,2494,DL-Glutamic acid,NPY
4,31962,724,Trigonelline,NQO1
1887,32016,779,DL-Glutamine,NR3C1
2707,27647,779,DL-Glutamic acid,NR3C1
3755,31727,779,Citrulline,NR3C1
1176,32016,1063,DL-Glutamine,NR3C2
2286,27647,4377,DL-Glutamic acid,NRG1
2689,27647,4067,DL-Glutamic acid,NRN1
1677,32016,91,DL-Glutamine,NRP1
107,8660,1299,DL-Proline,NT5E
453,9038,1299,DL-Isoleucine,NT5E
13,37522,2087,Triacontanol,NT5M
868,32016,3377,DL-Glutamine,NTF3
2059,27647,3377,DL-Glutamic acid,NTF3
2004,32016,4066,DL-Glutamine,NTN1
2774,27647,4066,DL-Glutamic acid,NTN1
1620,32016,1006,DL-Glutamine,NTRK2
2559,27647,1006,DL-Glutamic acid,NTRK2
2248,27647,5313,DL-Glutamic acid,NTRK3
375,9038,3900,DL-Isoleucine,NTSR1
3087,27647,3630,DL-Glutamic acid,NULL
2583,27647,178,DL-Glutamic acid,NULL
1669,32016,727,DL-Glutamine,NULL
2592,27647,727,DL-Glutamic acid,NULL
1192,32016,5900,DL-Glutamine,NULL
1042,32016,751,DL-Glutamine,NULL
596,9038,5099,DL-Isoleucine,NULL
2463,27647,272,DL-Glutamic acid,NULL
2661,27647,4563,DL-Glutamic acid,NULL
2250,27647,349,DL-Glutamic acid,NULL
1775,32016,3358,DL-Glutamine,NULL
1430,32016,3515,DL-Glutamine,NULL
2468,27647,195,DL-Glutamic acid,NULL
1857,32016,1048,DL-Glutamine,NULL
3194,31783,4273,DL-asparagine,NULL
2608,27647,275,DL-Glutamic acid,NULL
157,8660,2726,DL-Proline,NULL
1447,32016,1774,DL-Glutamine,NULL
2901,27647,9,DL-Glutamic acid,NULL
2476,27647,911,DL-Glutamic acid,NULL
3224,31783,1155,DL-asparagine,NULL
2989,27647,534,DL-Glutamic acid,NULL
1467,32016,4251,DL-Glutamine,NULL
2843,27647,837,DL-Glutamic acid,NULL
914,32016,4422,DL-Glutamine,NULL
1466,32016,3243,DL-Glutamine,NULL
1462,32016,3447,DL-Glutamine,NULL
885,32016,1101,DL-Glutamine,NULL
1451,32016,1383,DL-Glutamine,NULL
1880,32016,4056,DL-Glutamine,NULL
1715,32016,39,DL-Glutamine,NULL
2960,27647,423,DL-Glutamic acid,NULL
3078,27647,1304,DL-Glutamic acid,NULL
2563,27647,5373,DL-Glutamic acid,NULL
2550,27647,5364,DL-Glutamic acid,NULL
2152,27647,3182,DL-Glutamic acid,NULL
439,9038,569,DL-Isoleucine,NULL
2515,27647,2529,DL-Glutamic acid,NULL
1030,32016,2306,DL-Glutamine,NULL
3436,31783,2448,DL-asparagine,NULL
2959,27647,573,DL-Glutamic acid,NULL
3168,27647,627,DL-Glutamic acid,NULL
2722,27647,1396,DL-Glutamic acid,NULL
2771,27647,1363,DL-Glutamic acid,NULL
2730,27647,5812,DL-Glutamic acid,NULL
1920,32016,113,DL-Glutamine,NULL
178,8660,175,DL-Proline,OAT
1081,32016,175,DL-Glutamine,OAT
2207,27647,175,DL-Glutamic acid,OAT
3610,31727,175,Citrulline,OAT
754,9038,622,DL-Isoleucine,OGDH
1935,32016,622,DL-Glutamine,OGDH
2733,27647,622,DL-Glutamic acid,OGDH
369,9038,5353,DL-Isoleucine,OGT
1026,32016,5353,DL-Glutamine,OGT
2596,27647,818,DL-Glutamic acid,OPRK1
2066,27647,816,DL-Glutamic acid,OPRM1
1990,32016,4265,DL-Glutamine,OSM
59,8660,331,DL-Proline,OTC
780,9038,331,DL-Isoleucine,OTC
2017,32016,331,DL-Glutamine,OTC
2778,27647,331,DL-Glutamic acid,OTC
3607,31727,331,Citrulline,OTC
11,31962,388,Trigonelline,OXCT1
2770,27647,388,DL-Glutamic acid,OXCT1
2175,27647,374,DL-Glutamic acid,OXCT2
2751,27647,161,DL-Glutamic acid,OXT
2728,27647,5703,DL-Glutamic acid,P2RX1
2313,27647,5727,DL-Glutamic acid,P2RX2
2616,27647,4199,DL-Glutamic acid,P2RX3
2345,27647,4651,DL-Glutamic acid,P2RX4
2043,27647,5726,DL-Glutamic acid,P2RX6
1755,32016,3914,DL-Glutamine,P2RX7
2633,27647,3914,DL-Glutamic acid,P2RX7
2458,27647,4138,DL-Glutamic acid,P2RY1
2431,27647,3331,DL-Glutamic acid,P2RY2
246,8660,297,DL-Proline,P3H1
222,8660,300,DL-Proline,P3H2
49,8660,296,DL-Proline,P4HA1
58,8660,384,DL-Proline,P4HA2
210,8660,5590,DL-Proline,P4HA3
63,8660,2818,DL-Proline,P4HB
3629,31727,543,Citrulline,PADI1
3628,31727,545,Citrulline,PADI2
3632,31727,544,Citrulline,PADI3
3630,31727,546,Citrulline,PADI4
339,8660,259,DL-Proline,PAH
642,9038,259,DL-Isoleucine,PAH
2930,27647,259,DL-Glutamic acid,PAH
2718,27647,1390,DL-Glutamic acid,PANX1
3334,31783,5694,DL-asparagine,PAPPA
3269,31783,5679,DL-asparagine,PAPPA2
1112,32016,2285,DL-Glutamine,PARP1
2225,27647,2285,DL-Glutamic acid,PARP1
168,8660,758,DL-Proline,PARS2
1175,32016,4269,DL-Glutamine,PAX5
501,9038,256,DL-Isoleucine,PC
923,32016,256,DL-Glutamine,PC
2101,27647,256,DL-Glutamic acid,PC
3210,31783,256,DL-asparagine,PC
3602,31727,3202,Citrulline,PCBD1
3587,31783,269,DL-asparagine,PCCA
732,9038,263,DL-Isoleucine,PCCB
3161,27647,263,DL-Glutamic acid,PCCB
1375,32016,1739,DL-Glutamine,PCK1
2398,27647,1739,DL-Glutamic acid,PCK1
2756,27647,4975,DL-Glutamic acid,PCK2
971,32016,4184,DL-Glutamine,PCNA
3330,31783,5171,DL-asparagine,PCSK6
3340,31783,5179,DL-asparagine,PCSK7
1321,32016,4643,DL-Glutamine,PDGFB
1757,32016,154,DL-Glutamine,PDGFRB
2309,27647,1114,DL-Glutamic acid,PDPK1
1568,32016,515,DL-Glutamine,PDXK
1973,32016,5629,DL-Glutamine,PDYN
2752,27647,5629,DL-Glutamic acid,PDYN
2382,27647,5768,DL-Glutamic acid,PENK
299,8660,4430,DL-Proline,PEPD
1545,32016,119,DL-Glutamine,PF4
1403,32016,408,DL-Glutamine,PFAS
2914,27647,408,DL-Glutamic acid,PFAS
55,8660,3640,DL-Proline,PFN1
57,8660,2004,DL-Proline,PFN2
2574,27647,1295,DL-Glutamic acid,PGD
1032,32016,2930,DL-Glutamine,PGK1
2167,27647,2930,DL-Glutamic acid,PGK1
1350,32016,984,DL-Glutamine,PGR
2862,27647,577,DL-Glutamic acid,PHGDH
797,9038,5835,DL-Isoleucine,PIGT
1706,32016,845,DL-Glutamine,PIK3CA
1579,32016,846,DL-Glutamine,PIK3CB
983,32016,844,DL-Glutamine,PIK3CD
188,8660,1959,DL-Proline,PIK3CG
295,8660,1679,DL-Proline,PIN1
220,8660,508,DL-Proline,PIPOX
2408,27647,508,DL-Glutamic acid,PIPOX
3347,31783,508,DL-asparagine,PIPOX
587,9038,248,DL-Isoleucine,PKLR
1272,32016,248,DL-Glutamine,PKLR
2332,27647,248,DL-Glutamic acid,PKLR
616,9038,252,DL-Isoleucine,PKM
1372,32016,252,DL-Glutamine,PKM
2397,27647,252,DL-Glutamic acid,PKM
2219,27647,1173,DL-Glutamic acid,PLA2G4A
1951,32016,30,DL-Glutamine,PLAT
2744,27647,30,DL-Glutamic acid,PLAT
3480,31783,30,DL-asparagine,PLAT
1040,32016,29,DL-Glutamine,PLAU
2895,27647,4502,DL-Glutamic acid,PLCB1
2978,27647,5213,DL-Glutamic acid,PLCB2
2948,27647,5216,DL-Glutamic acid,PLCB3
1441,32016,23,DL-Glutamine,PLG
3364,31783,23,DL-asparagine,PLG
1512,32016,3511,DL-Glutamine,PLK1
60,8660,308,DL-Proline,PLOD1
41,8660,291,DL-Proline,PLOD2
56,8660,292,DL-Proline,PLOD3
2675,27647,5668,DL-Glutamic acid,PMPCB
3454,31783,5668,DL-asparagine,PMPCB
3140,27647,1646,DL-Glutamic acid,PNMT
433,9038,1370,DL-Isoleucine,POLB
1019,32016,924,DL-Glutamine,POLE3
1972,32016,4896,DL-Glutamine,POLI
447,9038,4904,DL-Isoleucine,POLM
1688,32016,1318,DL-Glutamine,POMC
2603,27647,1318,DL-Glutamic acid,POMC
1728,32016,1015,DL-Glutamine,PPARA
1582,32016,684,DL-Glutamine,PPARG
2531,27647,684,DL-Glutamic acid,PPARG
1701,32016,340,DL-Glutamine,PPAT
2964,27647,340,DL-Glutamic acid,PPAT
1546,32016,2820,DL-Glutamine,PPBP
2314,27647,2649,DL-Glutamic acid,PPCDC
125,8660,143,DL-Proline,PPIA
830,32016,143,DL-Glutamine,PPIA
239,8660,754,DL-Proline,PPIB
237,8660,755,DL-Proline,PPIC
236,8660,4519,DL-Proline,PPID
312,8660,144,DL-Proline,PPIF
2729,27647,144,DL-Glutamic acid,PPIF
287,8660,756,DL-Proline,PPIG
234,8660,753,DL-Proline,PPIH
2804,27647,2287,DL-Glutamic acid,PPP1CA
2794,27647,2059,DL-Glutamic acid,PPP1CC
2660,27647,5801,DL-Glutamic acid,PPP1R1B
2799,27647,710,DL-Glutamic acid,PPP2CA
2802,27647,2288,DL-Glutamic acid,PPP2R1A
2788,27647,2290,DL-Glutamic acid,PPP2R2A
2797,27647,2289,DL-Glutamic acid,PPP2R5C
2725,27647,5553,DL-Glutamic acid,PPY
173,8660,1584,DL-Proline,PREP
288,8660,5154,DL-Proline,PREPL
2142,27647,5772,DL-Glutamic acid,PRKACG
189,8660,1706,DL-Proline,PRKAR1A
1171,32016,1706,DL-Glutamine,PRKAR1A
3085,27647,1706,DL-Glutamic acid,PRKAR1A
271,8660,3461,DL-Proline,PRKAR2A
1672,32016,3461,DL-Glutamine,PRKAR2A
3147,27647,3461,DL-Glutamic acid,PRKAR2A
270,8660,2298,DL-Proline,PRKAR2B
1670,32016,2298,DL-Glutamine,PRKAR2B
3146,27647,2298,DL-Glutamic acid,PRKAR2B
1405,32016,843,DL-Glutamine,PRKDC
164,8660,5771,DL-Proline,PRKG1
1020,32016,5771,DL-Glutamine,PRKG1
3059,27647,5771,DL-Glutamic acid,PRKG1
273,8660,5773,DL-Proline,PRKG2
1699,32016,5773,DL-Glutamine,PRKG2
3148,27647,5773,DL-Glutamic acid,PRKG2
1493,32016,4250,DL-Glutamine,PRL
2470,27647,4250,DL-Glutamic acid,PRL
3101,27647,1650,DL-Glutamic acid,PRMT3
25,8660,752,DL-Proline,PRODH
2281,27647,752,DL-Glutamic acid,PRODH
3291,31783,752,DL-asparagine,PRODH
500,9038,117,DL-Isoleucine,PROS1
921,32016,117,DL-Glutamine,PROS1
2099,27647,117,DL-Glutamic acid,PROS1
3209,31783,117,DL-asparagine,PROS1
208,8660,201,DL-Proline,PROSC
631,9038,1568,DL-Isoleucine,PRSS1
2440,27647,1568,DL-Glutamic acid,PRSS1
557,9038,1714,DL-Isoleucine,PRSS2
1138,32016,1714,DL-Glutamine,PRSS2
2247,27647,1714,DL-Glutamic acid,PRSS2
3277,31783,1714,DL-asparagine,PRSS2
3767,31727,3402,Citrulline,PRTN3
2845,27647,193,DL-Glutamic acid,PSAT1
1345,32016,4260,DL-Glutamine,PSEN1
2376,27647,4260,DL-Glutamic acid,PSEN1
2226,27647,4261,DL-Glutamic acid,PSEN2
314,8660,3565,DL-Proline,PSMA2
751,9038,3565,DL-Isoleucine,PSMA2
1931,32016,3565,DL-Glutamine,PSMA2
3002,27647,3565,DL-Glutamic acid,PSMA2
3558,31783,3565,DL-asparagine,PSMA2
325,8660,3566,DL-Proline,PSMA3
765,9038,3566,DL-Isoleucine,PSMA3
1981,32016,3566,DL-Glutamine,PSMA3
3014,27647,3566,DL-Glutamic acid,PSMA3
3562,31783,3566,DL-asparagine,PSMA3
331,8660,3567,DL-Proline,PSMA4
779,9038,3567,DL-Isoleucine,PSMA4
2016,32016,3567,DL-Glutamine,PSMA4
3021,27647,3567,DL-Glutamic acid,PSMA4
3565,31783,3567,DL-asparagine,PSMA4
263,8660,3568,DL-Proline,PSMA5
686,9038,3568,DL-Isoleucine,PSMA5
1636,32016,3568,DL-Glutamine,PSMA5
2954,27647,3568,DL-Glutamic acid,PSMA5
3539,31783,3568,DL-asparagine,PSMA5
285,8660,3569,DL-Proline,PSMA6
722,9038,3569,DL-Isoleucine,PSMA6
1763,32016,3569,DL-Glutamine,PSMA6
2974,27647,3569,DL-Glutamic acid,PSMA6
3549,31783,3569,DL-asparagine,PSMA6
170,8660,3570,DL-Proline,PSMA7
535,9038,3570,DL-Isoleucine,PSMA7
1055,32016,3570,DL-Glutamine,PSMA7
2855,27647,3570,DL-Glutamic acid,PSMA7
3510,31783,3570,DL-asparagine,PSMA7
227,8660,4957,DL-Proline,PSMA8
627,9038,4957,DL-Isoleucine,PSMA8
1419,32016,4957,DL-Glutamine,PSMA8
2917,27647,4957,DL-Glutamic acid,PSMA8
3522,31783,4957,DL-asparagine,PSMA8
277,8660,810,DL-Proline,PSMB1
713,9038,810,DL-Isoleucine,PSMB1
1741,32016,810,DL-Glutamine,PSMB1
2968,27647,810,DL-Glutamic acid,PSMB1
3546,31783,810,DL-asparagine,PSMB1
190,8660,3824,DL-Proline,PSMB10
561,9038,3824,DL-Isoleucine,PSMB10
1172,32016,3824,DL-Glutamine,PSMB10
2881,27647,3824,DL-Glutamic acid,PSMB10
3570,31783,3824,DL-asparagine,PSMB10
165,8660,812,DL-Proline,PSMB2
528,9038,812,DL-Isoleucine,PSMB2
1034,32016,812,DL-Glutamine,PSMB2
2850,27647,812,DL-Glutamic acid,PSMB2
3504,31783,812,DL-asparagine,PSMB2
255,8660,3572,DL-Proline,PSMB4
672,9038,3572,DL-Isoleucine,PSMB4
1575,32016,3572,DL-Glutamine,PSMB4
2944,27647,3572,DL-Glutamic acid,PSMB4
3541,31783,3572,DL-asparagine,PSMB4
182,8660,811,DL-Proline,PSMB5
552,9038,811,DL-Isoleucine,PSMB5
1118,32016,811,DL-Glutamine,PSMB5
2874,27647,811,DL-Glutamic acid,PSMB5
3508,31783,811,DL-asparagine,PSMB5
265,8660,3573,DL-Proline,PSMB6
687,9038,3573,DL-Isoleucine,PSMB6
1637,32016,3573,DL-Glutamine,PSMB6
2955,27647,3573,DL-Glutamic acid,PSMB6
3554,31783,3573,DL-asparagine,PSMB6
289,8660,3574,DL-Proline,PSMB7
726,9038,3574,DL-Isoleucine,PSMB7
1783,32016,3574,DL-Glutamine,PSMB7
2979,27647,3574,DL-Glutamic acid,PSMB7
3551,31783,3574,DL-asparagine,PSMB7
252,8660,4954,DL-Proline,PSMC2
666,9038,4954,DL-Isoleucine,PSMC2
1562,32016,4954,DL-Glutamine,PSMC2
2942,27647,4954,DL-Glutamic acid,PSMC2
3534,31783,4954,DL-asparagine,PSMC2
240,8660,4956,DL-Proline,PSMC3
653,9038,4956,DL-Isoleucine,PSMC3
1519,32016,4956,DL-Glutamine,PSMC3
2934,27647,4956,DL-Glutamic acid,PSMC3
3527,31783,4956,DL-asparagine,PSMC3
330,8660,4946,DL-Proline,PSMC4
778,9038,4946,DL-Isoleucine,PSMC4
2013,32016,4946,DL-Glutamine,PSMC4
3019,27647,4946,DL-Glutamic acid,PSMC4
3566,31783,4946,DL-asparagine,PSMC4
231,8660,813,DL-Proline,PSMD1
630,9038,813,DL-Isoleucine,PSMD1
1437,32016,813,DL-Glutamine,PSMD1
2923,27647,813,DL-Glutamic acid,PSMD1
3524,31783,813,DL-asparagine,PSMD1
323,8660,4624,DL-Proline,PSMD10
761,9038,4624,DL-Isoleucine,PSMD10
1971,32016,4624,DL-Glutamine,PSMD10
3011,27647,4624,DL-Glutamic acid,PSMD10
3563,31783,4624,DL-asparagine,PSMD10
130,8660,4958,DL-Proline,PSMD13
483,9038,4958,DL-Isoleucine,PSMD13
869,32016,4958,DL-Glutamine,PSMD13
2828,27647,4958,DL-Glutamic acid,PSMD13
3493,31783,4958,DL-asparagine,PSMD13
134,8660,4951,DL-Proline,PSMD14
488,9038,4951,DL-Isoleucine,PSMD14
887,32016,4951,DL-Glutamine,PSMD14
2075,27647,4951,DL-Glutamic acid,PSMD14
3511,31783,4951,DL-asparagine,PSMD14
230,8660,809,DL-Proline,PSMD2
629,9038,809,DL-Isoleucine,PSMD2
1427,32016,809,DL-Glutamine,PSMD2
2920,27647,809,DL-Glutamic acid,PSMD2
3525,31783,809,DL-asparagine,PSMD2
176,8660,4953,DL-Proline,PSMD4
542,9038,4953,DL-Isoleucine,PSMD4
1079,32016,4953,DL-Glutamine,PSMD4
2206,27647,4953,DL-Glutamic acid,PSMD4
3509,31783,4953,DL-asparagine,PSMD4
327,8660,4948,DL-Proline,PSMD8
768,9038,4948,DL-Isoleucine,PSMD8
1991,32016,4948,DL-Glutamine,PSMD8
3016,27647,4948,DL-Glutamic acid,PSMD8
3567,31783,4948,DL-asparagine,PSMD8
281,8660,4950,DL-Proline,PSMD9
716,9038,4950,DL-Isoleucine,PSMD9
1756,32016,4950,DL-Glutamine,PSMD9
2969,27647,4950,DL-Glutamic acid,PSMD9
3553,31783,4950,DL-asparagine,PSMD9
251,8660,4955,DL-Proline,PSME3
665,9038,4955,DL-Isoleucine,PSME3
1558,32016,4955,DL-Glutamine,PSME3
2940,27647,4955,DL-Glutamic acid,PSME3
3532,31783,4955,DL-asparagine,PSME3
138,8660,4947,DL-Proline,PSME4
492,9038,4947,DL-Isoleucine,PSME4
896,32016,4947,DL-Glutamine,PSME4
2831,27647,4947,DL-Glutamic acid,PSME4
3497,31783,4947,DL-asparagine,PSME4
2950,27647,2685,DL-Glutamic acid,PSPH
1048,32016,6497,DL-Glutamine,PTEN
2183,27647,6497,DL-Glutamic acid,PTEN
1130,32016,537,DL-Glutamine,PTGS1
1104,32016,538,DL-Glutamine,PTGS2
2218,27647,538,DL-Glutamic acid,PTGS2
1606,32016,3206,DL-Glutamine,PTH
2324,27647,3539,DL-Glutamic acid,PTK2
2355,27647,1425,DL-Glutamic acid,PTK2B
1260,32016,4148,DL-Glutamine,PTN
28,8660,2438,DL-Proline,PTPN11
1261,32016,2438,DL-Glutamine,PTPN11
2325,27647,2438,DL-Glutamic acid,PTPN11
2504,27647,4920,DL-Glutamic acid,PTPRN
43,8660,2923,DL-Proline,PTS
2761,27647,1843,DL-Glutamic acid,PVALB
212,8660,616,DL-Proline,PYCR1
1332,32016,616,DL-Glutamine,PYCR1
2369,27647,616,DL-Glutamic acid,PYCR1
3687,31727,616,Citrulline,PYCR1
200,8660,615,DL-Proline,PYCR2
2317,27647,615,DL-Glutamic acid,PYCR2
321,8660,759,DL-Proline,PYCRL
2743,27647,759,DL-Glutamic acid,PYCRL
763,9038,204,DL-Isoleucine,PYGB
1975,32016,204,DL-Glutamine,PYGB
2753,27647,204,DL-Glutamic acid,PYGB
766,9038,184,DL-Isoleucine,PYGL
1983,32016,184,DL-Glutamine,PYGL
2758,27647,184,DL-Glutamic acid,PYGL
777,9038,205,DL-Isoleucine,PYGM
2009,32016,205,DL-Glutamine,PYGM
2776,27647,205,DL-Glutamic acid,PYGM
1226,32016,3273,DL-Glutamine,QPCT
1754,32016,1782,DL-Glutamine,RAB11A
1199,32016,3160,DL-Glutamine,RAC1
2291,27647,3160,DL-Glutamic acid,RAC1
3296,31783,3160,DL-asparagine,RAC1
429,9038,3194,DL-Isoleucine,RAD51
1653,32016,3194,DL-Glutamine,RAD51
461,9038,3154,DL-Isoleucine,RALA
352,9038,3147,DL-Isoleucine,RAN
3193,31783,3147,DL-asparagine,RAN
1657,32016,66,DL-Glutamine,RB1
1223,32016,4092,DL-Glutamine,RBPJ
2724,27647,3704,DL-Glutamic acid,RCVRN
1243,32016,2742,DL-Glutamine,RDX
1554,32016,4618,DL-Glutamine,REL
2509,27647,4618,DL-Glutamic acid,REL
895,32016,4192,DL-Glutamine,RELA
2080,27647,4192,DL-Glutamic acid,RELA
1204,32016,1070,DL-Glutamine,RET
53,8660,4938,DL-Proline,RHBDF1
1742,32016,3013,DL-Glutamine,RHEB
658,9038,1454,DL-Isoleucine,RHO
1540,32016,1454,DL-Glutamine,RHO
2497,27647,1454,DL-Glutamic acid,RHO
3389,31783,1454,DL-asparagine,RHO
2825,27647,3151,DL-Glutamic acid,RHOA
1648,32016,704,DL-Glutamine,RLBP1
1232,32016,314,DL-Glutamine,RNASE1
2310,27647,314,DL-Glutamic acid,RNASE1
3308,31783,314,DL-asparagine,RNASE1
3128,27647,5202,DL-Glutamic acid,RNPEP
3041,27647,3312,DL-Glutamic acid,ROCK1
3109,27647,3666,DL-Glutamic acid,ROCK2
1762,32016,1910,DL-Glutamine,RORA
1522,32016,2269,DL-Glutamine,RPL10L
2484,27647,2269,DL-Glutamic acid,RPL10L
3591,31783,2269,DL-asparagine,RPL10L
156,8660,5548,DL-Proline,RPS6
508,9038,5548,DL-Isoleucine,RPS6
958,32016,5548,DL-Glutamine,RPS6
311,8660,3901,DL-Proline,RPS6KB1
1924,32016,3901,DL-Glutamine,RPS6KB1
2727,27647,3901,DL-Glutamic acid,RPS6KB1
1454,32016,5537,DL-Glutamine,RPTOR
3375,31783,919,DL-asparagine,RRM2
3449,31783,920,DL-asparagine,RRM2B
2763,27647,2431,DL-Glutamic acid,RTCB
2264,27647,841,DL-Glutamic acid,RYR1
2229,27647,4697,DL-Glutamic acid,RYR2
2111,27647,4696,DL-Glutamic acid,RYR3
1567,32016,1266,DL-Glutamine,S100B
2519,27647,1266,DL-Glutamic acid,S100B
3424,31783,4588,DL-asparagine,SCAP
1761,32016,497,DL-Glutamine,SCARB1
1684,32016,4979,DL-Glutamine,SCARB2
3036,27647,973,DL-Glutamic acid,SCN10A
3058,27647,944,DL-Glutamic acid,SCN1A
2543,27647,1145,DL-Glutamic acid,SCN2A
2544,27647,1341,DL-Glutamic acid,SCN3A
3033,27647,1171,DL-Glutamic acid,SCN4A
2074,27647,4994,DL-Glutamic acid,SCN7A
2296,27647,3416,DL-Glutamic acid,SCN8A
3037,27647,927,DL-Glutamic acid,SCN9A
1459,32016,43,DL-Glutamine,SDC2
2682,27647,2079,DL-Glutamic acid,SDF2
9,31962,377,Trigonelline,SDHA
1004,32016,385,DL-Glutamine,SDHB
728,9038,189,DL-Isoleucine,SDS
583,9038,219,DL-Isoleucine,SDSL
1315,32016,1446,DL-Glutamine,SELE
3331,31783,1446,DL-asparagine,SELE
1873,32016,4410,DL-Glutamine,SELL
1712,32016,1430,DL-Glutamine,SELP
1308,32016,32,DL-Glutamine,SERPINA5
3319,31783,120,DL-asparagine,SERPINB6
1102,32016,1077,DL-Glutamine,SERPINC1
3268,31783,1077,DL-asparagine,SERPINC1
1932,32016,26,DL-Glutamine,SERPINE1
1097,32016,2668,DL-Glutamine,SGK1
2170,27647,180,DL-Glutamic acid,SGPL1
36,8660,172,DL-Proline,SHMT1
2402,27647,172,DL-Glutamic acid,SHMT1
595,9038,207,DL-Isoleucine,SHMT2
2353,27647,207,DL-Glutamic acid,SHMT2
1992,32016,3380,DL-Glutamine,SIRT1
1828,32016,4003,DL-Glutamine,SIRT2
2674,27647,4003,DL-Glutamic acid,SIRT2
2115,27647,1997,DL-Glutamic acid,SIRT3
2122,27647,868,DL-Glutamic acid,SLC12A1
2625,27647,1256,DL-Glutamic acid,SLC12A2
2861,27647,255,DL-Glutamic acid,SLC16A1
177,8660,5636,DL-Proline,SLC16A10
544,9038,5636,DL-Isoleucine,SLC16A10
1080,32016,5636,DL-Glutamine,SLC16A10
2864,27647,5636,DL-Glutamic acid,SLC16A10
3507,31783,5636,DL-asparagine,SLC16A10
2620,27647,5115,DL-Glutamic acid,SLC17A6
1945,32016,5110,DL-Glutamine,SLC17A7
2741,27647,5110,DL-Glutamic acid,SLC17A7
2411,27647,5123,DL-Glutamic acid,SLC17A8
2483,27647,782,DL-Glutamic acid,SLC18A2
3384,31783,782,DL-asparagine,SLC18A2
2160,27647,5129,DL-Glutamic acid,SLC18A3
2924,27647,5632,DL-Glutamic acid,SLC19A1
2628,27647,326,DL-Glutamic acid,SLC1A1
1617,32016,416,DL-Glutamine,SLC1A2
2555,27647,416,DL-Glutamic acid,SLC1A2
1681,32016,415,DL-Glutamine,SLC1A3
2599,27647,415,DL-Glutamic acid,SLC1A3
2701,27647,691,DL-Glutamic acid,SLC1A4
2739,27647,418,DL-Glutamic acid,SLC1A6
2186,27647,406,DL-Glutamic acid,SLC1A7
3764,31727,1163,Citrulline,SLC22A4
2070,27647,321,DL-Glutamic acid,SLC25A12
2595,27647,316,DL-Glutamic acid,SLC25A13
3728,31727,316,Citrulline,SLC25A13
3697,31727,335,Citrulline,SLC25A15
2367,27647,432,DL-Glutamic acid,SLC25A18
3750,31727,334,Citrulline,SLC25A2
3686,31727,1167,Citrulline,SLC25A20
2390,27647,433,DL-Glutamic acid,SLC25A22
3657,31727,1166,Citrulline,SLC25A29
678,9038,745,DL-Isoleucine,SLC25A4
2042,27647,4540,DL-Glutamic acid,SLC2A1
1354,32016,1086,DL-Glutamine,SLC2A2
2750,27647,507,DL-Glutamic acid,SLC32A1
301,8660,504,DL-Proline,SLC36A1
446,9038,504,DL-Isoleucine,SLC36A1
1851,32016,504,DL-Glutamine,SLC36A1
29,8660,5641,DL-Proline,SLC36A2
395,9038,5641,DL-Isoleucine,SLC36A2
1302,32016,5641,DL-Glutamine,SLC36A2
160,8660,5640,DL-Proline,SLC36A3
370,9038,5640,DL-Isoleucine,SLC36A3
980,32016,5640,DL-Glutamine,SLC36A3
901,32016,5639,DL-Glutamine,SLC38A1
2832,27647,5639,DL-Glutamic acid,SLC38A1
3204,31783,5639,DL-asparagine,SLC38A1
291,8660,5828,DL-Proline,SLC38A2
1792,32016,5828,DL-Glutamine,SLC38A2
2654,27647,5828,DL-Glutamic acid,SLC38A2
3568,31783,5828,DL-asparagine,SLC38A2
1663,32016,5649,DL-Glutamine,SLC38A4
823,32016,371,DL-Glutamine,SLC3A1
3155,27647,371,DL-Glutamic acid,SLC3A1
648,9038,5646,DL-Isoleucine,SLC43A2
318,8660,4562,DL-Proline,SLC5A5
463,9038,4562,DL-Isoleucine,SLC5A5
1938,32016,4562,DL-Glutamine,SLC5A5
2736,27647,4562,DL-Glutamic acid,SLC5A5
229,8660,265,DL-Proline,SLC5A6
2433,27647,265,DL-Glutamic acid,SLC5A6
2532,27647,1339,DL-Glutamic acid,SLC6A1
2659,27647,3814,DL-Glutamic acid,SLC6A11
2263,27647,3815,DL-Glutamic acid,SLC6A12
2334,27647,3813,DL-Glutamic acid,SLC6A13
2130,27647,786,DL-Glutamic acid,SLC6A2
2575,27647,783,DL-Glutamic acid,SLC6A3
2635,27647,776,DL-Glutamic acid,SLC6A4
2481,27647,509,DL-Glutamic acid,SLC6A5
309,8660,762,DL-Proline,SLC6A7
2709,27647,762,DL-Glutamic acid,SLC6A7
2663,27647,520,DL-Glutamic acid,SLC6A8
2180,27647,510,DL-Glutamic acid,SLC6A9
154,8660,278,DL-Proline,SLC7A1
953,32016,278,DL-Glutamine,SLC7A1
2126,27647,278,DL-Glutamic acid,SLC7A1
3216,31783,278,DL-asparagine,SLC7A1
2553,27647,368,DL-Glutamic acid,SLC7A11
244,8660,5633,DL-Proline,SLC7A13
1526,32016,5633,DL-Glutamine,SLC7A13
2488,27647,5633,DL-Glutamic acid,SLC7A13
3700,31727,5633,Citrulline,SLC7A13
143,8660,281,DL-Proline,SLC7A2
903,32016,281,DL-Glutamine,SLC7A2
2087,27647,281,DL-Glutamic acid,SLC7A2
3205,31783,281,DL-asparagine,SLC7A2
3667,31727,281,Citrulline,SLC7A2
242,8660,280,DL-Proline,SLC7A3
1524,32016,280,DL-Glutamine,SLC7A3
2487,27647,280,DL-Glutamic acid,SLC7A3
3386,31783,280,DL-asparagine,SLC7A3
151,8660,279,DL-Proline,SLC7A4
936,32016,279,DL-Glutamine,SLC7A4
2114,27647,279,DL-Glutamic acid,SLC7A4
3214,31783,279,DL-asparagine,SLC7A4
721,9038,4355,DL-Isoleucine,SLC7A5
1961,32016,5647,DL-Glutamine,SLC7A6
3713,31727,5637,Citrulline,SLC7A7
614,9038,257,DL-Isoleucine,SLC7A8
1370,32016,257,DL-Glutamine,SLC7A8
3518,31783,257,DL-asparagine,SLC7A8
2354,27647,358,DL-Glutamic acid,SLC8A1
3167,27647,5111,DL-Glutamic acid,SLC9A2
2217,27647,39044,DL-Glutamic acid,SLC9C2
1744,32016,3254,DL-Glutamine,SMAD2
1745,32016,4656,DL-Glutamine,SMAD7
1850,32016,2065,DL-Glutamine,SNRPA
1323,32016,4509,DL-Glutamine,SOCS3
1639,32016,2730,DL-Glutamine,SOD1
2577,27647,2730,DL-Glutamic acid,SOD1
1287,32016,2687,DL-Glutamine,SOD2
2341,27647,2687,DL-Glutamic acid,SOD2
3680,31727,2687,Citrulline,SOD2
2584,27647,551,DL-Glutamic acid,SORD
1646,32016,5684,DL-Glutamine,SPG7
2811,27647,5684,DL-Glutamic acid,SPG7
3387,31783,4767,DL-asparagine,SPINK1
917,32016,4279,DL-Glutamine,SPP1
3731,31727,1246,Citrulline,SQLE
562,9038,1476,DL-Isoleucine,SRC
1174,32016,1476,DL-Glutamine,SRC
2273,27647,1476,DL-Glutamic acid,SRC
3288,31783,1476,DL-asparagine,SRC
2333,27647,220,DL-Glutamic acid,SRR
14,37522,1320,Triacontanol,SST
1584,32016,1320,DL-Glutamine,SST
2534,27647,1320,DL-Glutamic acid,SST
2511,27647,158,DL-Glutamic acid,SSTR5
1136,32016,3889,DL-Glutamine,STAT1
2246,27647,3889,DL-Glutamic acid,STAT1
1690,32016,4667,DL-Glutamine,STAT3
2604,27647,4667,DL-Glutamic acid,STAT3
1259,32016,5393,DL-Glutamine,STAT5A
1559,32016,1480,DL-Glutamine,STAT5B
1511,32016,4101,DL-Glutamine,STAT6
77,8660,4883,DL-Proline,SULT4A1
394,9038,4883,DL-Isoleucine,SULT4A1
1659,32016,2958,DL-Glutamine,SUOX
2587,27647,2958,DL-Glutamic acid,SUOX
3752,31727,2958,Citrulline,SUOX
2205,27647,1468,DL-Glutamic acid,SV2A
999,32016,1956,DL-Glutamine,SYK
1547,32016,1564,DL-Glutamine,SYN1
2501,27647,1564,DL-Glutamic acid,SYN1
2461,27647,1220,DL-Glutamic acid,TACR1
859,32016,5494,DL-Glutamine,TAP1
2057,27647,5494,DL-Glutamic acid,TAP1
700,9038,547,DL-Isoleucine,TARS
540,9038,548,DL-Isoleucine,TARS2
2849,27647,719,DL-Glutamic acid,TAS1R2
2024,32016,5094,DL-Glutamine,TASP1
1202,32016,181,DL-Glutamine,TAT
2293,27647,181,DL-Glutamic acid,TAT
708,9038,1297,DL-Isoleucine,TBXAS1
1435,32016,1119,DL-Glutamine,TERT
1149,32016,4628,DL-Glutamine,TFRC
2255,27647,4628,DL-Glutamic acid,TFRC
3280,31783,4628,DL-asparagine,TFRC
1953,32016,4910,DL-Glutamine,TG
3482,31783,4910,DL-asparagine,TG
1552,32016,4171,DL-Glutamine,TGFA
1943,32016,127,DL-Glutamine,TGFB1
2738,27647,127,DL-Glutamic acid,TGFB1
1008,32016,2936,DL-Glutamine,TGFBR1
792,9038,39032,DL-Isoleucine,TGIF2LY
1996,32016,5823,DL-Glutamine,TGM1
1117,32016,3153,DL-Glutamine,TGM2
947,32016,1780,DL-Glutamine,TGM3
1543,32016,5076,DL-Glutamine,TGM4
1955,32016,5819,DL-Glutamine,TGM5
881,32016,5852,DL-Glutamine,TGM7
69,8660,262,DL-Proline,TH
363,9038,262,DL-Isoleucine,TH
949,32016,262,DL-Glutamine,TH
2120,27647,262,DL-Glutamic acid,TH
519,9038,183,DL-Isoleucine,THNSL1
3056,27647,183,DL-Glutamic acid,THNSL1
567,9038,970,DL-Isoleucine,THRB
3294,31783,970,DL-asparagine,THRB
2054,27647,4144,DL-Glutamic acid,TKT
1779,32016,104,DL-Glutamine,TLR2
3157,27647,104,DL-Glutamic acid,TLR2
1532,32016,3864,DL-Glutamine,TLR3
1021,32016,1463,DL-Glutamine,TLR4
2162,27647,1463,DL-Glutamic acid,TLR4
955,32016,1243,DL-Glutamine,TLR7
1970,32016,1244,DL-Glutamine,TLR8
1139,32016,1181,DL-Glutamine,TLR9
1680,32016,4384,DL-Glutamine,TNC
482,9038,17,DL-Isoleucine,TNF
865,32016,17,DL-Glutamine,TNF
2058,27647,17,DL-Glutamic acid,TNF
3615,31727,17,Citrulline,TNF
3748,31727,4290,Citrulline,TNFAIP3
1949,32016,3934,DL-Glutamine,TNFRSF10A
1622,32016,3466,DL-Glutamine,TNFRSF10B
2010,32016,2794,DL-Glutamine,TNFRSF1A
2777,27647,2794,DL-Glutamic acid,TNFRSF1A
993,32016,18,DL-Glutamine,TNFRSF1B
1865,32016,1112,DL-Glutamine,TNFSF11
996,32016,2693,DL-Glutamine,TNFSF13B
739,9038,1316,DL-Isoleucine,TNNC1
1134,32016,1261,DL-Glutamine,TOP1
474,9038,881,DL-Isoleucine,TOP2A
3026,27647,881,DL-Glutamic acid,TOP2A
3186,31783,881,DL-asparagine,TOP2A
484,9038,1049,DL-Isoleucine,TOP2B
3032,27647,1049,DL-Glutamic acid,TOP2B
3191,31783,1049,DL-asparagine,TOP2B
690,9038,1360,DL-Isoleucine,TP53
1642,32016,1360,DL-Glutamine,TP53
2578,27647,1360,DL-Glutamic acid,TP53
942,32016,4108,DL-Glutamine,TP53BP1
344,8660,1033,DL-Proline,TPH1
2672,27647,1033,DL-Glutamic acid,TPH1
2092,27647,1603,DL-Glutamic acid,TPI1
3113,27647,1474,DL-Glutamic acid,TPMT
161,8660,4575,DL-Proline,TPP2
520,9038,4575,DL-Isoleucine,TPP2
995,32016,4575,DL-Glutamine,TPP2
2846,27647,4575,DL-Glutamic acid,TPP2
3503,31783,4575,DL-asparagine,TPP2
1355,32016,39245,DL-Glutamine,TPRX1
413,9038,4867,DL-Isoleucine,TPST1
968,32016,4516,DL-Glutamine,TRPC3
2132,27647,4516,DL-Glutamic acid,TRPC3
2396,27647,3185,DL-Glutamic acid,TRPM7
600,9038,808,DL-Isoleucine,TSPO
1331,32016,808,DL-Glutamine,TSPO
2368,27647,808,DL-Glutamic acid,TSPO
3337,31783,808,DL-asparagine,TSPO
3683,31727,808,Citrulline,TSPO
114,8660,3940,DL-Proline,TTR
736,9038,3940,DL-Isoleucine,TTR
1868,32016,3940,DL-Glutamine,TTR
824,32016,3141,DL-Glutamine,TUFM
1016,32016,3886,DL-Glutamine,TXN
2153,27647,3886,DL-Glutamic acid,TXN
1687,32016,3318,DL-Glutamine,TYK2
81,8660,983,DL-Proline,TYMS
621,9038,983,DL-Isoleucine,TYMS
1395,32016,983,DL-Glutamine,TYMS
2414,27647,983,DL-Glutamic acid,TYMS
3352,31783,983,DL-asparagine,TYMS
101,8660,681,DL-Proline,TYR
710,9038,681,DL-Isoleucine,TYR
1718,32016,681,DL-Glutamine,TYR
2615,27647,681,DL-Glutamic acid,TYR
3428,31783,681,DL-asparagine,TYR
1709,32016,5368,DL-Glutamine,TYRO3
2611,27647,5368,DL-Glutamic acid,TYRO3
205,8660,3005,DL-Proline,UBA1
185,8660,3927,DL-Proline,UBA3
133,8660,4972,DL-Proline,UBA52
486,9038,4972,DL-Isoleucine,UBA52
882,32016,4972,DL-Glutamine,UBA52
2071,27647,4972,DL-Glutamic acid,UBA52
3494,31783,4972,DL-asparagine,UBA52
235,8660,2304,DL-Proline,UBB
639,9038,2304,DL-Isoleucine,UBB
1473,32016,2304,DL-Glutamine,UBB
2929,27647,2304,DL-Glutamic acid,UBB
3526,31783,2304,DL-asparagine,UBB
198,8660,3235,DL-Proline,UBC
575,9038,3235,DL-Isoleucine,UBC
1227,32016,3235,DL-Glutamine,UBC
2887,27647,3235,DL-Glutamic acid,UBC
3531,31783,3235,DL-asparagine,UBC
905,32016,4517,DL-Glutamine,UBE3A
2090,27647,4517,DL-Glutamic acid,UBE3A
3661,31727,1536,Citrulline,UCKL1
2425,27647,4140,DL-Glutamic acid,UCP2
617,9038,549,DL-Isoleucine,UGDH
121,8660,2467,DL-Proline,UMPS
740,9038,2467,DL-Isoleucine,UMPS
1882,32016,2467,DL-Glutamine,UMPS
2703,27647,2467,DL-Glutamic acid,UMPS
3469,31783,2467,DL-asparagine,UMPS
3759,31727,2467,Citrulline,UMPS
2135,27647,4518,DL-Glutamic acid,UNC13B
1855,32016,3522,DL-Glutamine,UNG
2796,27647,3371,DL-Glutamic acid,UPP1
2769,27647,3020,DL-Glutamic acid,UQCRC1
3487,31783,3020,DL-asparagine,UQCRC1
2582,27647,3021,DL-Glutamic acid,UQCRC2
3418,31783,3021,DL-asparagine,UQCRC2
1839,32016,2851,DL-Glutamine,UROD
2684,27647,2851,DL-Glutamic acid,UROD
3460,31783,2851,DL-asparagine,UROD
3746,31727,2851,Citrulline,UROD
1400,32016,99,DL-Glutamine,VAMP2
2421,27647,99,DL-Glutamic acid,VAMP2
472,9038,692,DL-Isoleucine,VARS
2045,27647,692,DL-Glutamic acid,VARS
3184,31783,692,DL-asparagine,VARS
61,8660,5623,DL-Proline,VASP
1555,32016,1445,DL-Glutamine,VCAM1
1993,32016,5811,DL-Glutamine,VCL
1168,32016,3184,DL-Glutamine,VCP
1902,32016,367,DL-Glutamine,VDR
72,8660,166,DL-Proline,VEGFA
784,9038,166,DL-Isoleucine,VEGFA
1046,32016,166,DL-Glutamine,VEGFA
2182,27647,166,DL-Glutamic acid,VEGFA
3581,31783,166,DL-asparagine,VEGFA
1765,32016,49,DL-Glutamine,VWF
3437,31783,49,DL-asparagine,VWF
813,9038,528,DL-Isoleucine,WARS
816,9038,526,DL-Isoleucine,WARS2
1675,32016,4681,DL-Glutamine,WWP1
3726,31727,4681,Citrulline,WWP1
3664,31727,4654,Citrulline,WWP2
2036,32016,1092,DL-Glutamine,XDH
1205,32016,2354,DL-Glutamine,XIAP
169,8660,5196,DL-Proline,XPNPEP2
1162,32016,5559,DL-Glutamine,XRCC6
335,8660,366,DL-Proline,YARS
2038,32016,366,DL-Glutamine,YARS
2039,32016,365,DL-Glutamine,YARS2
2852,27647,4892,DL-Glutamic acid,ZMPSTE24
